"Category"	"Term"	"Count"	"X."	"PValue"	"Genes"	"List.Total"	"Pop.Hits"	"Pop.Total"	"Fold.Enrichment"	"Bonferroni"	"Benjamini"	"FDR"
"GOTERM_BP_DIRECT"	"GO:0007049~cell cycle"	4	8.16326530612245	0.00801051916282118	"SEPT14, EVI5, AHR, ANXA11"	33	217	16792	9.37969557324396	0.77415661652839	0.77415661652839	9.47280729167882
"GOTERM_BP_DIRECT"	"GO:0006355~regulation of transcription, DNA-templated"	8	16.3265306122449	0.0209133188893745	"ZNF14, RAX2, ZNF223, ZNF786, PHF20L1, CAPN15, AHR, ZNF785"	33	1504	16792	2.70664087685364	0.979959368343963	0.858435062052651	23.0121101346758
"GOTERM_BP_DIRECT"	"GO:0051301~cell division"	4	8.16326530612245	0.0284999743353058	"SEPT14, EVI5, ANXA11, HAUS2"	33	350	16792	5.81541125541126	0.995247511926869	0.831871884465005	30.0770739412238
