"Category"	"Term"	"Count"	"X."	"PValue"	"Genes"	"List.Total"	"Pop.Hits"	"Pop.Total"	"Fold.Enrichment"	"Bonferroni"	"Benjamini"	"FDR"
"GOTERM_BP_DIRECT"	"GO:0042254~ribosome biogenesis"	3	3.06122448979592	0.0149133439621417	"RRN3, ZNHIT6, TSR1"	88	36	16792	15.9015151515152	0.999142991758873	0.999142991758873	19.3049360007912
"GOTERM_BP_DIRECT"	"GO:0006351~transcription, DNA-templated"	18	18.3673469387755	0.0217072817127679	"NPAT, ZNF337, ZNF529, ZZZ3, TSHZ1, LPIN1, ZBTB9, NKRF, PURA, ASF1A, LRPPRC, URI1, ZXDB, SMAD5, ZNF721, ZNF559, ZMYND11, ZNF84"	88	1955	16792	1.75689374564055	0.99996686050768	0.99424330890879	26.8959337625721
"GOTERM_BP_DIRECT"	"GO:0006364~rRNA processing"	5	5.10204081632653	0.0251243433928335	"EXOSC5, WDR75, WDR36, TSR1, PDCD11"	88	214	16792	4.45836873406967	0.999993600645724	0.981434269099692	30.4576803227289
"GOTERM_BP_DIRECT"	"GO:0006468~protein phosphorylation"	7	7.14285714285714	0.0310000475352148	"CDC25B, SRPK2, ATM, STK39, SMAD5, FYN, TP53RK"	88	456	16792	2.92922647527911	0.999999626607835	0.975280407899318	36.2073940759444
"GOTERM_BP_DIRECT"	"GO:0032259~methylation"	3	3.06122448979592	0.0550344179579202	"TYW3, MTAP, MTR"	88	73	16792	7.84184308841843	0.999999999997211	0.995112315903066	55.4281166742802
"GOTERM_BP_DIRECT"	"GO:0015807~L-amino acid transport"	2	2.04081632653061	0.0604502987549611	"SLC7A6, SLC38A1"	88	12	16792	31.8030303030303	0.999999999999813	0.992436645813238	58.9392344442726
"GOTERM_BP_DIRECT"	"GO:0000729~DNA double-strand break processing"	2	2.04081632653061	0.074989495298889	"ATM, SMARCAD1"	88	15	16792	25.4424242424242	1	0.994666769583305	67.1344809203017
"GOTERM_BP_DIRECT"	"GO:0010468~regulation of gene expression"	3	3.06122448979592	0.094904277452815	"NPAT, MAP3K4, TSHZ1"	88	100	16792	5.72454545454545	1	0.997143707985274	75.9114785393257
"GOTERM_BP_DIRECT"	"GO:0007094~mitotic spindle assembly checkpoint"	2	2.04081632653061	0.0987288365094097	"BUB3, ATM"	88	20	16792	19.0818181818182	1	0.995610120199585	77.324455398547
