"Category"	"Term"	"Count"	"X."	"PValue"	"Genes"	"List.Total"	"Pop.Hits"	"Pop.Total"	"Fold.Enrichment"	"Bonferroni"	"Benjamini"	"FDR"
"GOTERM_BP_DIRECT"	"GO:0030036~actin cytoskeleton organization"	4	5.33333333333333	0.0151522283400345	"11188, 11151, 9344, 57591"	68	130	16792	7.59819004524887	0.99577194952353	0.99577194952353	18.9027716488314
"GOTERM_BP_DIRECT"	"GO:0007030~Golgi organization"	3	4	0.0352349451312967	"128637, 55666, 6836"	68	74	16792	10.0111287758347	0.999997351987502	0.998372728511249	38.8746630293603
"GOTERM_BP_DIRECT"	"GO:0032793~positive regulation of CREB transcription factor activity"	2	2.66666666666667	0.0582304857097486	"200186, 8986"	68	15	16792	32.9254901960784	0.999999999529915	0.999222454880425	56.1015635883997
"GOTERM_BP_DIRECT"	"GO:0015031~protein transport"	5	6.66666666666667	0.072863164898223	"9744, 55738, 6293, 8527, 11336"	68	395	16792	3.12583767684289	0.999999999998272	0.998853501965159	64.590190544884
