"Category"	"Term"	"Count"	"X."	"PValue"	"Genes"	"List.Total"	"Pop.Hits"	"Pop.Total"	"Fold.Enrichment"	"Bonferroni"	"Benjamini"	"FDR"
"GOTERM_BP_DIRECT"	"GO:0006351~transcription, DNA-templated"	7	25	0.0286637744606338	"170958, 64425, 284406, 256051, 90075, 147694, 80063"	22	1955	16792	2.73294582655196	0.933108415387958	0.933108415387958	27.2674621074253
"GOTERM_BP_DIRECT"	"GO:0006355~regulation of transcription, DNA-templated"	6	21.4285714285714	0.0346310482184851	"170958, 284406, 256051, 90075, 147694, 80063"	22	1504	16792	3.04497098646035	0.962288014049292	0.805804258670001	32.0122858533659
