"Category"	"Term"	"Count"	"X."	"PValue"	"Genes"	"List.Total"	"Pop.Hits"	"Pop.Total"	"Fold.Enrichment"	"Bonferroni"	"Benjamini"	"FDR"
"GOTERM_BP_DIRECT"	"GO:0043587~tongue morphogenesis"	2	3.44827586206897	0.0113860960737502	"3229, 6899"	49	4	16792	171.34693877551	0.980759499345427	0.980759499345427	14.4683347046664
"GOTERM_BP_DIRECT"	"GO:0006869~lipid transport"	3	5.17241379310345	0.019936727353546	"26154, 84725, 79135"	49	76	16792	13.5273899033298	0.999039119195505	0.969001922567771	24.0303266436255
"GOTERM_BP_DIRECT"	"GO:0071294~cellular response to zinc ion"	2	3.44827586206897	0.0529643718714501	"3777, 26149"	49	19	16792	36.0730397422127	0.999999992979313	0.998085186224887	52.4162577456842
