"Category"	"Term"	"Count"	"X."	"PValue"	"Genes"	"List.Total"	"Pop.Hits"	"Pop.Total"	"Fold.Enrichment"	"Bonferroni"	"Benjamini"	"FDR"
"GOTERM_BP_DIRECT"	"GO:0071236~cellular response to antibiotic"	2	5.12820512820513	0.0142064109030227	"1396, 3309"	31	8	16792	135.41935483871	0.941166333021541	0.941166333021541	16.3931228295271
"GOTERM_BP_DIRECT"	"GO:0090263~positive regulation of canonical Wnt signaling pathway"	3	7.69230769230769	0.0193354632744929	"5300, 5711, 5695"	31	120	16792	13.541935483871	0.979056312858134	0.855280660788316	21.6763708811154
"GOTERM_BP_DIRECT"	"GO:0032418~lysosome localization"	2	5.12820512820513	0.0282176345569188	"54785, 79803"	31	16	16792	67.7096774193548	0.996543275741634	0.848798913310934	30.104872624538
"GOTERM_BP_DIRECT"	"GO:0046580~negative regulation of Ras protein signal transduction"	2	5.12820512820513	0.0437501756008983	"10617, 64926"	31	25	16792	43.3341935483871	0.99985772422984	0.890784887793675	42.867527850861
"GOTERM_BP_DIRECT"	"GO:0006605~protein targeting"	2	5.12820512820513	0.067435956792751	"11140, 7532"	31	39	16792	27.778329197684	0.999999008309976	0.9370094806789	58.2574493528703
"GOTERM_BP_DIRECT"	"GO:0000165~MAPK cascade"	3	7.69230769230769	0.0792978510557365	"5711, 64926, 5695"	31	262	16792	6.20241319871953	0.999999921369136	0.934546605484313	64.4359694381159
"GOTERM_BP_DIRECT"	"GO:0051603~proteolysis involved in cellular protein catabolic process"	2	5.12820512820513	0.0823619717236153	"3309, 5695"	31	48	16792	22.5698924731183	0.999999959361487	0.912070627757708	65.8889768053293
"GOTERM_BP_DIRECT"	"GO:0021762~substantia nigra development"	2	5.12820512820513	0.0840060914593708	"3309, 515"	31	49	16792	22.1092824226465	0.999999971507409	0.886016630040222	66.6459064802961
"GOTERM_BP_DIRECT"	"GO:0006521~regulation of cellular amino acid metabolic process"	2	5.12820512820513	0.0872857925184072	"5711, 5695"	31	51	16792	21.2422517394054	0.999999985994695	0.865919432443431	68.1098776780198
