"Category"	"Term"	"Count"	"X."	"PValue"	"Genes"	"List.Total"	"Pop.Hits"	"Pop.Total"	"Fold.Enrichment"	"Bonferroni"	"Benjamini"	"FDR"
"GOTERM_BP_DIRECT"	"GO:0000184~nuclear-transcribed mRNA catabolic process, nonsense-mediated decay"	5	14.2857142857143	5.69823713597651e-05	"6137, 6146, 6141, 23521, 23708"	31	119	16792	22.7595554350773	0.0100918828251355	0.0100918828251355	0.0700344192916424
"GOTERM_BP_DIRECT"	"GO:0006364~rRNA processing"	5	14.2857142857143	0.000541953995225595	"6137, 6146, 2091, 6141, 23521"	31	214	16792	12.6560144709074	0.0919846190540108	0.0471015893884652	0.664269699201248
"GOTERM_BP_DIRECT"	"GO:0006614~SRP-dependent cotranslational protein targeting to membrane"	4	11.4285714285714	0.000618117780901844	"6137, 6146, 6141, 23521"	31	94	16792	23.0501029512697	0.104218702320828	0.0360215387642795	0.757297620047392
"GOTERM_BP_DIRECT"	"GO:0019083~viral transcription"	4	11.4285714285714	0.00102850015037577	"6137, 6146, 6141, 23521"	31	112	16792	19.3456221198157	0.167371102005341	0.0447591861332922	1.25717064818872
"GOTERM_BP_DIRECT"	"GO:0006413~translational initiation"	4	11.4285714285714	0.00183576076854156	"6137, 6146, 6141, 23521"	31	137	16792	15.8153991052508	0.278963642113299	0.0633195997002817	2.23372421510594
"GOTERM_BP_DIRECT"	"GO:0006412~translation"	4	11.4285714285714	0.0101634853916738	"6137, 6146, 6141, 23521"	31	253	16792	8.56406987122275	0.837707749302672	0.261444793870082	11.8027377720279
