"Category"	"Term"	"Count"	"X."	"PValue"	"Genes"	"List.Total"	"Pop.Hits"	"Pop.Total"	"Fold.Enrichment"	"Bonferroni"	"Benjamini"	"FDR"
"GOTERM_BP_DIRECT"	"GO:0048661~positive regulation of smooth muscle cell proliferation"	2	8.33333333333333	0.0522981873654448	"3606, 7048"	16	60	16792	34.9833333333333	0.999988040002714	0.999988040002714	49.2960323634656
"GOTERM_BP_DIRECT"	"GO:0010468~regulation of gene expression"	2	8.33333333333333	0.085733138750764	"6892, 7048"	16	100	16792	20.99	0.999999993884972	0.999921801354212	67.8030454077054
"GOTERM_BP_DIRECT"	"GO:0006915~apoptotic process"	3	12.5	0.0894419821334495	"22861, 149428, 7048"	16	567	16792	5.55291005291005	0.999999997406368	0.998626054595605	69.4160197991088
