"Category"	"Term"	"Count"	"X."	"PValue"	"Genes"	"List.Total"	"Pop.Hits"	"Pop.Total"	"Fold.Enrichment"	"Bonferroni"	"Benjamini"	"FDR"
"GOTERM_BP_DIRECT"	"GO:0048663~neuron fate commitment"	2	3.17460317460317	0.0494543193444116	"116448, 10215"	51	17	16792	38.7358708189158	0.999992625929181	0.999992625929181	47.8780850854905
"GOTERM_BP_DIRECT"	"GO:0006935~chemotaxis"	3	4.76190476190476	0.051151931701536	"1232, 6368, 11251"	51	122	16792	8.09643201542912	0.999995137877212	0.997794977825955	49.0613897999744
"GOTERM_BP_DIRECT"	"GO:0061621~canonical glycolysis"	2	3.17460317460317	0.0746573411466959	"2027, 2026"	51	26	16792	25.3273001508296	0.999999985923262	0.997585462173092	63.0944805360309
"GOTERM_BP_DIRECT"	"GO:0006096~glycolytic process"	2	3.17460317460317	0.0965094406218402	"2027, 2026"	51	34	16792	19.3679354094579	0.999999999946272	0.997292610102224	72.8510282918325
