"Category"	"Term"	"Count"	"X."	"PValue"	"Genes"	"List.Total"	"Pop.Hits"	"Pop.Total"	"Fold.Enrichment"	"Bonferroni"	"Benjamini"	"FDR"
"GOTERM_BP_DIRECT"	"GO:0043252~sodium-independent organic anion transport"	2	6.06060606060606	0.0403193780135298	"353189, 28232"	31	23	16792	47.1023842917251	0.999774133400763	0.999774133400763	40.3993869566737
"GOTERM_BP_DIRECT"	"GO:0051924~regulation of calcium ion transport"	2	6.06060606060606	0.0420362614679448	"7439, 5957"	31	24	16792	45.1397849462366	0.999843249000354	0.987479976052516	41.7263767418502
