"Category"	"Term"	"Count"	"X."	"PValue"	"Genes"	"List.Total"	"Pop.Hits"	"Pop.Total"	"Fold.Enrichment"	"Bonferroni"	"Benjamini"	"FDR"
"GOTERM_BP_DIRECT"	"GO:0006396~RNA processing"	3	3.8961038961039	0.0456779811022849	"9704, 196441, 10521"	60	97	16792	8.65567010309278	0.999999818564811	0.999999818564811	46.9759845685078
"GOTERM_BP_DIRECT"	"GO:0006811~ion transport"	3	3.8961038961039	0.0734721280749158	"9177, 24146, 65125"	60	127	16792	6.61102362204725	0.999999999990068	0.999996848559831	64.4949907915616
"GOTERM_BP_DIRECT"	"GO:0007155~cell adhesion"	5	6.49350649350649	0.0775390863356082	"4974, 388, 4739, 1294, 7059"	60	459	16792	3.04865649963689	0.999999999997695	0.999867898103071	66.5523899690508
