"Category"	"Term"	"Count"	"X."	"PValue"	"Genes"	"List.Total"	"Pop.Hits"	"Pop.Total"	"Fold.Enrichment"	"Bonferroni"	"Benjamini"	"FDR"
"GOTERM_BP_DIRECT"	"GO:0007338~single fertilization"	3	3.125	0.0307293566462325	"64753, 4240, 6895"	79	59	16792	10.8079811199313	0.99998906316386	0.99998906316386	34.930073094214
"GOTERM_BP_DIRECT"	"GO:0070613~regulation of protein processing"	2	2.08333333333333	0.0365694854270686	"6196, 3633"	79	8	16792	53.1392405063291	0.999998802527643	0.998905709198904	40.1250872066859
"GOTERM_BP_DIRECT"	"GO:0006302~double-strand break repair"	3	3.125	0.0377339397707082	"4361, 9112, 79913"	79	66	16792	9.66168009205984	0.999999230813659	0.990837573134416	41.1137741545547
"GOTERM_BP_DIRECT"	"GO:0006310~DNA recombination"	3	3.125	0.0569387395835614	"4361, 79913, 493861"	79	83	16792	7.6827817599512	0.999999999519598	0.995318324473488	55.3856756735946
"GOTERM_BP_DIRECT"	"GO:0031573~intra-S DNA damage checkpoint"	2	2.08333333333333	0.0631272174574751	"4361, 9656"	79	14	16792	30.3652802893309	0.999999999956837	0.991546792095253	59.2517731374604
"GOTERM_BP_DIRECT"	"GO:0071044~histone mRNA catabolic process"	2	2.08333333333333	0.0631272174574751	"5394, 64852"	79	14	16792	30.3652802893309	0.999999999956837	0.991546792095253	59.2517731374604
"GOTERM_BP_DIRECT"	"GO:0006974~cellular response to DNA damage stimulus"	4	4.16666666666667	0.0726058549289824	"55367, 4361, 4176, 80169"	79	208	16792	4.08763388510224	0.999999999998956	0.989927776974381	64.5752315575658
"GOTERM_BP_DIRECT"	"GO:0006281~DNA repair"	4	4.16666666666667	0.0961790145017653	"4361, 11232, 2071, 493861"	79	235	16792	3.61799084298411	1	0.994944803938506	75.1481836668194
"GOTERM_BP_DIRECT"	"GO:0090316~positive regulation of intracellular protein transport"	2	2.08333333333333	0.0974163029600183	"5116, 22994"	79	22	16792	19.3233601841197	1	0.99080498527256	75.6125010385443
