"Category"	"Term"	"Count"	"X."	"PValue"	"Genes"	"List.Total"	"Pop.Hits"	"Pop.Total"	"Fold.Enrichment"	"Bonferroni"	"Benjamini"	"FDR"
"GOTERM_BP_DIRECT"	"GO:0070125~mitochondrial translational elongation"	4	5.33333333333333	0.00417520816063114	"90480, 51649, 64949, 128308"	65	85	16792	12.1571040723982	0.828203113798843	0.828203113798843	5.70974851169366
"GOTERM_BP_DIRECT"	"GO:0070126~mitochondrial translational termination"	4	5.33333333333333	0.00431446659720264	"90480, 51649, 64949, 128308"	65	86	16792	12.0157423971377	0.838026108841548	0.597540199326129	5.89486443009967
"GOTERM_BP_DIRECT"	"GO:0006418~tRNA aminoacylation for protein translation"	3	4	0.0101615396073021	"54938, 3376, 92935"	65	40	16792	19.3753846153846	0.986429977206034	0.76147886950975	13.3695875152046
"GOTERM_BP_DIRECT"	"GO:0001787~natural killer cell proliferation"	2	2.66666666666667	0.0113911684610265	"114836, 6504"	65	3	16792	172.225641025641	0.991959028325333	0.700548058580671	14.8696084746219
"GOTERM_BP_DIRECT"	"GO:0046061~dATP catabolic process"	2	2.66666666666667	0.0113911684610265	"4521, 100"	65	3	16792	172.225641025641	0.991959028325333	0.700548058580671	14.8696084746219
"GOTERM_BP_DIRECT"	"GO:0032869~cellular response to insulin stimulus"	3	4	0.0348442971931785	"29904, 55829, 5591"	65	77	16792	10.0651348651349	0.999999672284143	0.949522307779423	39.2475046672888
"GOTERM_BP_DIRECT"	"GO:0001779~natural killer cell differentiation"	2	2.66666666666667	0.044803775712458	"114836, 6504"	65	12	16792	43.0564102564103	0.999999995841053	0.959898197223105	47.4874148282419
"GOTERM_BP_DIRECT"	"GO:0009168~purine ribonucleoside monophosphate biosynthetic process"	2	2.66666666666667	0.0484469555924888	"5198, 100"	65	13	16792	39.7443786982248	0.999999999167672	0.949545583805499	50.2328272717067
"GOTERM_BP_DIRECT"	"GO:0006357~regulation of transcription from RNA polymerase II promoter"	5	6.66666666666667	0.0873575878183363	"6598, 864, 54859, 79921, 4094"	65	441	16792	2.92900750043607	1	0.991856303723559	72.3210804817164
