"Category"	"Term"	"Count"	"X."	"PValue"	"Genes"	"List.Total"	"Pop.Hits"	"Pop.Total"	"Fold.Enrichment"	"Bonferroni"	"Benjamini"	"FDR"
"GOTERM_BP_DIRECT"	"GO:0006105~succinate metabolic process"	2	3.92156862745098	0.0259029958497648	"6390, 6776"	45	10	16792	74.6311111111111	0.99965717606837	0.99965717606837	29.630663775516
"GOTERM_BP_DIRECT"	"GO:0097194~execution phase of apoptosis"	2	3.92156862745098	0.0411288155145169	"27429, 57551"	45	16	16792	46.6444444444444	0.999997148184942	0.998311268210098	43.0137848387864
"GOTERM_BP_DIRECT"	"GO:0040014~regulation of multicellular organism growth"	2	3.92156862745098	0.0659898677946071	"6776, 27429"	45	26	16792	28.7042735042735	0.999999999029752	0.999010017461448	59.9126377614638
"GOTERM_BP_DIRECT"	"GO:0050434~positive regulation of viral transcription"	2	3.92156862745098	0.0733245558994417	"5430, 2959"	45	29	16792	25.7348659003831	0.999999999911691	0.996934496843016	63.9287668103273
"GOTERM_BP_DIRECT"	"GO:0034504~protein localization to nucleus"	2	3.92156862745098	0.0757569200044291	"10049, 54971"	45	30	16792	24.877037037037	0.99999999996028	0.991686164595001	65.1761325629312
"GOTERM_BP_DIRECT"	"GO:0006352~DNA-templated transcription, initiation"	2	3.92156862745098	0.0902206146086183	"2959, 9519"	45	36	16792	20.7308641975309	0.999999999999671	0.991693297444677	71.8061822062613
