"Category"	"Term"	"Count"	"X."	"PValue"	"Genes"	"List.Total"	"Pop.Hits"	"Pop.Total"	"Fold.Enrichment"	"Bonferroni"	"Benjamini"	"FDR"
"GOTERM_BP_DIRECT"	"GO:0006953~acute-phase response"	3	12.5	0.00107342626372512	"5004, 9332, 5005"	22	39	16792	58.7132867132867	0.135897929990375	0.135897929990375	1.25285677778466
"GOTERM_BP_DIRECT"	"GO:0002682~regulation of immune system process"	2	8.33333333333333	0.00623809843427146	"5004, 5005"	22	5	16792	305.309090909091	0.573028745079887	0.346569625040194	7.08251614290211
