"Category"	"Term"	"Count"	"X."	"PValue"	"Genes"	"List.Total"	"Pop.Hits"	"Pop.Total"	"Fold.Enrichment"	"Bonferroni"	"Benjamini"	"FDR"
"GOTERM_BP_DIRECT"	"GO:0035556~intracellular signal transduction"	4	14.8148148148148	0.011548138251786	"10392, 9649, 828, 8526"	21	403	16792	7.93666548505258	0.672108409032195	0.672108409032195	12.0085849101269
"GOTERM_BP_DIRECT"	"GO:0006351~transcription, DNA-templated"	6	22.2222222222222	0.0744000448324168	"23051, 26039, 65982, 3603, 7181, 92285"	21	1955	16792	2.45407380343442	0.999402085354643	0.975547706746468	57.3236183854553
