"Category"	"Term"	"Count"	"X."	"PValue"	"Genes"	"List.Total"	"Pop.Hits"	"Pop.Total"	"Fold.Enrichment"	"Bonferroni"	"Benjamini"	"FDR"
"GOTERM_BP_DIRECT"	"GO:0045665~negative regulation of neuron differentiation"	2	9.09090909090909	0.0583855834213738	"6532, 79191"	19	56	16792	31.5639097744361	0.999751979440768	0.999751979440768	50.7386086721865
"GOTERM_BP_DIRECT"	"GO:0008217~regulation of blood pressure"	2	9.09090909090909	0.0674632058089018	"5742, 2982"	19	65	16792	27.1935222672065	0.999934851452658	0.991928534994066	56.0466373056042
