"Category"	"Term"	"Count"	"X."	"PValue"	"Genes"	"List.Total"	"Pop.Hits"	"Pop.Total"	"Fold.Enrichment"	"Bonferroni"	"Benjamini"	"FDR"
"GOTERM_BP_DIRECT"	"GO:0043149~stress fiber assembly"	2	20	0.00801277818930241	"6722, 387"	10	15	16792	223.893333333333	0.710308340571099	0.710308340571099	9.19978465714925
"GOTERM_BP_DIRECT"	"GO:0007266~Rho protein signal transduction"	2	20	0.0264877369511851	"393, 387"	10	50	16792	67.168	0.983983054718105	0.873441929210758	27.5324385050563
"GOTERM_BP_DIRECT"	"GO:0030336~negative regulation of cell migration"	2	20	0.0497915349785371	"6722, 393"	10	95	16792	35.3515789473684	0.999616195698089	0.927327525851089	45.8104849458628
"GOTERM_BP_DIRECT"	"GO:0030168~platelet activation"	2	20	0.05998863137902	"6722, 387"	10	115	16792	29.2034782608696	0.999927138462544	0.907610081762667	52.3893076277151
"GOTERM_BP_DIRECT"	"GO:0030036~actin cytoskeleton organization"	2	20	0.0675724988961862	"387, 2317"	10	130	16792	25.8338461538462	0.999979072303879	0.884083760340807	56.7981688811233
"GOTERM_BP_DIRECT"	"GO:0051056~regulation of small GTPase mediated signal transduction"	2	20	0.0695856557861615	"393, 387"	10	134	16792	25.0626865671642	0.999984997446512	0.842953764465516	57.9039081102464
"GOTERM_BP_DIRECT"	"GO:0007010~cytoskeleton organization"	2	20	0.0830737092257277	"393, 120"	10	161	16792	20.8596273291925	0.999998416924972	0.851626153070902	64.6683901989296
