"Category"	"Term"	"Count"	"X."	"PValue"	"Genes"	"List.Total"	"Pop.Hits"	"Pop.Total"	"Fold.Enrichment"	"Bonferroni"	"Benjamini"	"FDR"
"GOTERM_BP_DIRECT"	"GO:0090051~negative regulation of cell migration involved in sprouting angiogenesis"	2	6.89655172413793	0.015614517524685	"5607, 9270"	25	11	16792	122.123636363636	0.947290070525765	0.947290070525765	17.7234054436818
"GOTERM_BP_DIRECT"	"GO:0036297~interstrand cross-link repair"	2	6.89655172413793	0.0677776098757233	"84126, 64789"	25	49	16792	27.4155102040816	0.999998004039065	0.998587215184397	58.1046080389721
"GOTERM_BP_DIRECT"	"GO:0007266~Rho protein signal transduction"	2	6.89655172413793	0.0691138899531402	"50650, 65979"	25	50	16792	26.8672	0.999998473647374	0.988486210302198	58.8429869188816
"GOTERM_BP_DIRECT"	"GO:0042795~snRNA transcription from RNA polymerase II promoter"	2	6.89655172413793	0.0954571706049197	"81556, 80789"	25	70	16792	19.1908571428571	0.999999992883798	0.99081536144768	71.1664138911359
