"Category"	"Term"	"Count"	"X."	"PValue"	"Genes"	"List.Total"	"Pop.Hits"	"Pop.Total"	"Fold.Enrichment"	"Bonferroni"	"Benjamini"	"FDR"
"GOTERM_BP_DIRECT"	"GO:0006366~transcription from RNA polymerase II promoter"	3	27.2727272727273	0.0290856027682511	"1856, 7469, 11243"	10	513	16792	9.81988304093567	0.853188130020229	0.853188130020229	25.9801035928757
"GOTERM_BP_DIRECT"	"GO:0007507~heart development"	2	18.1818181818182	0.0939351690383742	"1856, 53615"	10	183	16792	18.351912568306	0.99835807702699	0.959479351276041	63.4094961279922
