"Category"	"Term"	"Count"	"X."	"PValue"	"Genes"	"List.Total"	"Pop.Hits"	"Pop.Total"	"Fold.Enrichment"	"Bonferroni"	"Benjamini"	"FDR"
"GOTERM_BP_DIRECT"	"GO:0045947~negative regulation of translational initiation"	2	6.45161290322581	0.0221099437174384	"27161, 51247"	26	15	16792	86.1128205128205	0.984370482121591	0.984370482121591	24.1871336756257
"GOTERM_BP_DIRECT"	"GO:0036258~multivesicular body assembly"	2	6.45161290322581	0.0451763923783603	"55048, 9146"	26	31	16792	41.6674937965261	0.999815623498978	0.986421469114014	43.5907869083183
"GOTERM_BP_DIRECT"	"GO:0016197~endosomal transport"	2	6.45161290322581	0.0938271928526444	"55048, 9146"	26	66	16792	19.5710955710956	0.999999989003594	0.997776262177702	70.4836606088201
"GOTERM_BP_DIRECT"	"GO:0016567~protein ubiquitination"	3	9.67741935483871	0.0991157074693322	"90864, 64400, 56658"	26	359	16792	5.39704306835226	0.999999996297997	0.992199738042134	72.5476247446163
