"Category"	"Term"	"Count"	"X."	"PValue"	"Genes"	"List.Total"	"Pop.Hits"	"Pop.Total"	"Fold.Enrichment"	"Bonferroni"	"Benjamini"	"FDR"
"GOTERM_BP_DIRECT"	"GO:0043405~regulation of MAP kinase activity"	2	7.69230769230769	0.0127930038376539	"11267, 51755"	25	9	16792	149.262222222222	0.91773870408936	0.91773870408936	14.8347237318433
"GOTERM_BP_DIRECT"	"GO:0045732~positive regulation of protein catabolic process"	2	7.69230769230769	0.0823761205169881	"11267, 9554"	25	60	16792	22.3893333333333	0.999999942858306	0.999760956710968	65.7724761563507
"GOTERM_BP_DIRECT"	"GO:0007224~smoothened signaling pathway"	2	7.69230769230769	0.0941571509650843	"28996, 6738"	25	69	16792	19.4689855072464	0.999999995341406	0.998329864801741	70.8668310575971
