"Category"	"Term"	"Count"	"X."	"PValue"	"Genes"	"List.Total"	"Pop.Hits"	"Pop.Total"	"Fold.Enrichment"	"Bonferroni"	"Benjamini"	"FDR"
"GOTERM_BP_DIRECT"	"GO:0006351~transcription, DNA-templated"	8	27.5862068965517	0.0256474779068225	"7626, 9139, 57209, 148156, 9580, 7634, 286075, 55663"	27	1955	16792	2.54496542578384	0.950901391492093	0.950901391492093	25.6528924905466
"GOTERM_BP_DIRECT"	"GO:0045859~regulation of protein kinase activity"	2	6.89655172413793	0.0513703336935524	"5565, 83707"	27	34	16792	36.5838779956427	0.997795970274876	0.953052905040627	45.2101382563721
"GOTERM_BP_DIRECT"	"GO:0006355~regulation of transcription, DNA-templated"	6	20.6896551724138	0.0774815576495222	"7626, 57209, 148156, 9580, 7634, 286075"	27	1504	16792	2.48108747044917	0.999913481971251	0.955771500544977	60.1520085530645
