"Category"	"Term"	"Count"	"X."	"PValue"	"Genes"	"List.Total"	"Pop.Hits"	"Pop.Total"	"Fold.Enrichment"	"Bonferroni"	"Benjamini"	"FDR"
"GOTERM_BP_DIRECT"	"GO:0016310~phosphorylation"	2	20	0.0523499838793256	"55500, 256356"	10	100	16792	33.584	0.97802108864453	0.97802108864453	42.7698007929759
"GOTERM_BP_DIRECT"	"GO:0042127~regulation of cell proliferation"	2	20	0.0949168800905466	"8793, 331"	10	185	16792	18.1535135135135	0.99915883531357	0.97099716071778	64.4808932219497
