"Category"	"Term"	"Count"	"X."	"PValue"	"Genes"	"List.Total"	"Pop.Hits"	"Pop.Total"	"Fold.Enrichment"	"Bonferroni"	"Benjamini"	"FDR"
"GOTERM_BP_DIRECT"	"GO:0051170~nuclear import"	3	9.375	0.000403516709214884	"3178, 6632, 25929"	29	18	16792	96.5057471264368	0.0606411513279065	0.0606411513279065	0.483523206043446
"GOTERM_BP_DIRECT"	"GO:0000398~mRNA splicing, via spliceosome"	4	12.5	0.00585250631746245	"3178, 6632, 60625, 25929"	29	222	16792	10.4330537433986	0.597396631430257	0.3654896623618	6.80642400258529
"GOTERM_BP_DIRECT"	"GO:1904874~positive regulation of telomerase RNA localization to Cajal body"	2	6.25	0.0247322564014584	"10575, 8607"	29	15	16792	77.2045977011494	0.979384286729267	0.725800838891781	25.973978161026
"GOTERM_BP_DIRECT"	"GO:0000387~spliceosomal snRNP assembly"	2	6.25	0.0456888506232982	"6632, 25929"	29	28	16792	41.35960591133	0.999288868923588	0.836699537620268	42.9718005075769
"GOTERM_BP_DIRECT"	"GO:0032212~positive regulation of telomere maintenance via telomerase"	2	6.25	0.0520491991635352	"10575, 3178"	29	32	16792	36.1896551724138	0.999747768885188	0.809296030980716	47.3725840041857
"GOTERM_BP_DIRECT"	"GO:0032543~mitochondrial translation"	2	6.25	0.0583686611024676	"23395, 51116"	29	36	16792	32.1685823754789	0.999910558283152	0.788526142260091	51.4346971267721
"GOTERM_BP_DIRECT"	"GO:0006405~RNA export from nucleus"	2	6.25	0.0878354830938353	"23511, 3178"	29	55	16792	21.0557993730408	0.999999352347561	0.869411179048768	66.8484407798989
