"Category"	"Term"	"Count"	"X."	"PValue"	"Genes"	"List.Total"	"Pop.Hits"	"Pop.Total"	"Fold.Enrichment"	"Bonferroni"	"Benjamini"	"FDR"
"GOTERM_BP_DIRECT"	"GO:0038083~peptidyl-tyrosine autophosphorylation"	2	20	0.0189024743467049	"7535, 4145"	9	40	16792	93.2888888888889	0.693694224425375	0.693694224425375	17.5171901560867
"GOTERM_BP_DIRECT"	"GO:0001558~regulation of cell growth"	2	20	0.0374915663217049	"22883, 9166"	9	80	16792	46.6444444444444	0.906441833725287	0.694127205729713	31.9971822726165
"GOTERM_BP_DIRECT"	"GO:0007169~transmembrane receptor protein tyrosine kinase signaling pathway"	2	20	0.0448404577531886	"7535, 4145"	9	96	16792	38.8703703703704	0.941828942143584	0.61253216698474	37.05864587248
