"Category"	"Term"	"Count"	"X."	"PValue"	"Genes"	"List.Total"	"Pop.Hits"	"Pop.Total"	"Fold.Enrichment"	"Bonferroni"	"Benjamini"	"FDR"
"GOTERM_BP_DIRECT"	"GO:0042355~L-fucose catabolic process"	2	4.08163265306122	0.0247388177527582	"2527, 2524"	43	10	16792	78.1023255813953	0.996433754943603	0.996433754943603	27.3868279963135
"GOTERM_BP_DIRECT"	"GO:0036065~fucosylation"	2	4.08163265306122	0.0271795858166074	"2527, 2524"	43	11	16792	71.0021141649049	0.997970673224334	0.954951950367785	29.6745711332626
"GOTERM_BP_DIRECT"	"GO:0007158~neuron cell-cell adhesion"	2	4.08163265306122	0.0392942592428093	"57555, 9369"	43	16	16792	48.8139534883721	0.999878985664826	0.950537172393284	40.0782004781112
