"Category"	"Term"	"Count"	"X."	"PValue"	"Genes"	"List.Total"	"Pop.Hits"	"Pop.Total"	"Fold.Enrichment"	"Bonferroni"	"Benjamini"	"FDR"
"GOTERM_BP_DIRECT"	"GO:0007156~homophilic cell adhesion via plasma membrane adhesion molecules"	3	11.1111111111111	0.0229056640441915	"25945, 5797, 1951"	26	158	16792	12.2629016553067	0.972447764411782	0.972447764411782	24.2916728984775
"GOTERM_BP_DIRECT"	"GO:0006355~regulation of transcription, DNA-templated"	6	22.2222222222222	0.0673288505929928	"170959, 60436, 126272, 4801, 284307, 9975"	26	1504	16792	2.57651391162029	0.999979679979785	0.995492226689904	56.7028951509639
"GOTERM_BP_DIRECT"	"GO:0032880~regulation of protein localization"	2	7.40740740740741	0.0746594871357961	"1951, 5727"	26	52	16792	24.8402366863905	0.999994019405111	0.981848404910064	60.6175117938938
"GOTERM_BP_DIRECT"	"GO:0043433~negative regulation of sequence-specific DNA binding transcription factor activity"	2	7.40740740740741	0.0856596029110325	"170959, 5727"	26	60	16792	21.5282051282051	0.999999063029867	0.968887748782156	65.886171549826
