"Category"	"Term"	"Count"	"X."	"PValue"	"Genes"	"List.Total"	"Pop.Hits"	"Pop.Total"	"Fold.Enrichment"	"Bonferroni"	"Benjamini"	"FDR"
"GOTERM_BP_DIRECT"	"GO:0006283~transcription-coupled nucleotide-excision repair"	3	13.0434782608696	0.0034578710715942	"10920, 3150, 5441"	21	74	16792	32.4169884169884	0.429445086180095	0.429445086180095	4.1048205764882
"GOTERM_BP_DIRECT"	"GO:0000398~mRNA splicing, via spliceosome"	3	13.0434782608696	0.0282721294070032	"23517, 85437, 5441"	21	222	16792	10.8056628056628	0.990400805822161	0.902024522568967	29.3220133487659
"GOTERM_BP_DIRECT"	"GO:0042795~snRNA transcription from RNA polymerase II promoter"	2	8.69565217391304	0.0801960210178542	"81556, 5441"	21	70	16792	22.8462585034014	0.999998685877046	0.989046691147892	63.6340575144187
"GOTERM_BP_DIRECT"	"GO:0070125~mitochondrial translational elongation"	2	8.69565217391304	0.0965670619328164	"122704, 28977"	21	85	16792	18.8145658263305	0.999999928362718	0.983639944422226	70.7370124784376
"GOTERM_BP_DIRECT"	"GO:0070126~mitochondrial translational termination"	2	8.69565217391304	0.0976485642231769	"122704, 28977"	21	86	16792	18.5957918050941	0.999999940998151	0.964176078561433	71.1580976392435
