"Category"	"Term"	"Count"	"X."	"PValue"	"Genes"	"List.Total"	"Pop.Hits"	"Pop.Total"	"Fold.Enrichment"	"Bonferroni"	"Benjamini"	"FDR"
"GOTERM_BP_DIRECT"	"GO:0032008~positive regulation of TOR signaling"	2	8.69565217391304	0.0301280842749697	"64223, 84219"	20	27	16792	62.1925925925926	0.936277245475358	0.936277245475358	28.3082507770428
"GOTERM_BP_DIRECT"	"GO:0010506~regulation of autophagy"	2	8.69565217391304	0.0551124851868087	"84219, 1613"	20	50	16792	33.584	0.993915709433039	0.921998137413512	46.0282481285747
