"Category"	"Term"	"Count"	"X."	"PValue"	"Genes"	"List.Total"	"Pop.Hits"	"Pop.Total"	"Fold.Enrichment"	"Bonferroni"	"Benjamini"	"FDR"
"GOTERM_BP_DIRECT"	"GO:0016567~protein ubiquitination"	4	17.3913043478261	0.00364220375845493	"9817, 81559, 55585, 54850"	16	359	16792	11.6935933147632	0.216882971950989	0.216882971950989	3.67321362226851
"GOTERM_BP_DIRECT"	"GO:0000724~double-strand break repair via homologous recombination"	2	8.69565217391304	0.064128110978846	"7515, 375757"	16	74	16792	28.3648648648649	0.988210402835785	0.891420088578896	49.325833416373
