"Category"	"Term"	"Count"	"X."	"PValue"	"Genes"	"List.Total"	"Pop.Hits"	"Pop.Total"	"Fold.Enrichment"	"Bonferroni"	"Benjamini"	"FDR"
"GOTERM_BP_DIRECT"	"GO:0006468~protein phosphorylation"	4	19.047619047619	0.0119836924769753	"23387, 11011, 5062, 6793"	19	456	16792	7.75253924284395	0.866461393452033	0.866461393452033	13.6395103731093
"GOTERM_BP_DIRECT"	"GO:0023014~signal transduction by protein phosphorylation"	2	9.52380952380952	0.0461522129931558	"5062, 6793"	19	44	16792	40.1722488038277	0.999625884444168	0.980657933000007	43.7139413202656
"GOTERM_BP_DIRECT"	"GO:0071407~cellular response to organic cyclic compound"	2	9.52380952380952	0.0614206899356146	"1027, 5062"	19	59	16792	29.9589652096343	0.999974727217133	0.970653857502269	53.7448347372492
"GOTERM_BP_DIRECT"	"GO:0006355~regulation of transcription, DNA-templated"	5	23.8095238095238	0.0711297382950429	"54807, 58508, 51111, 29072, 6881"	19	1504	16792	2.93812989921613	0.999995548618258	0.954067116464109	59.2401633301567
"GOTERM_BP_DIRECT"	"GO:0006368~transcription elongation from RNA polymerase II promoter"	2	9.52380952380952	0.0883239574986553	"29072, 6881"	19	86	16792	20.5532435740514	0.999999803496374	0.954430515687919	67.526109856108
