"Category"	"Term"	"Count"	"X."	"PValue"	"Genes"	"List.Total"	"Pop.Hits"	"Pop.Total"	"Fold.Enrichment"	"Bonferroni"	"Benjamini"	"FDR"
"GOTERM_BP_DIRECT"	"GO:0040019~positive regulation of embryonic development"	2	9.52380952380952	0.0101398570684479	"154796, 23236"	20	9	16792	186.577777777778	0.798120369753449	0.798120369753449	11.543966633886
"GOTERM_BP_DIRECT"	"GO:0019933~cAMP-mediated signaling"	2	9.52380952380952	0.0421542276002791	"115, 1609"	20	38	16792	44.1894736842105	0.998842803476585	0.965982408618259	40.450673111122
"GOTERM_BP_DIRECT"	"GO:0035556~intracellular signal transduction"	3	14.2857142857143	0.0751226431147636	"23236, 115, 1609"	20	403	16792	6.25012406947891	0.999995266187116	0.983209239675002	60.934395368074
