"Category"	"Term"	"Count"	"X."	"PValue"	"Genes"	"List.Total"	"Pop.Hits"	"Pop.Total"	"Fold.Enrichment"	"Bonferroni"	"Benjamini"	"FDR"
"GOTERM_BP_DIRECT"	"GO:0045893~positive regulation of transcription, DNA-templated"	4	19.047619047619	0.00991106166532797	"4208, 4602, 1998, 9975"	16	515	16792	8.15145631067961	0.819713233421059	0.819713233421059	11.4635974823357
"GOTERM_BP_DIRECT"	"GO:0050727~regulation of inflammatory response"	2	9.52380952380952	0.054844858738531	"79918, 9975"	16	63	16792	33.3174603174603	0.999938830717986	0.992178920661822	49.81754825654
"GOTERM_BP_DIRECT"	"GO:0045892~negative regulation of transcription, DNA-templated"	3	14.2857142857143	0.0717005776653352	"4602, 1998, 9975"	16	499	16792	6.30961923847695	0.999997230828876	0.985957322198151	59.7262853628797
