"Category"	"Term"	"Count"	"X."	"PValue"	"Genes"	"List.Total"	"Pop.Hits"	"Pop.Total"	"Fold.Enrichment"	"Bonferroni"	"Benjamini"	"FDR"
"GOTERM_BP_DIRECT"	"GO:0048193~Golgi vesicle transport"	2	9.52380952380952	0.0157309429566513	"64083, 9950"	20	14	16792	119.942857142857	0.788575382061694	0.788575382061694	16.0812698751016
"GOTERM_BP_DIRECT"	"GO:0007030~Golgi organization"	2	9.52380952380952	0.0805324204562247	"64083, 9950"	20	74	16792	22.6918918918919	0.999732964365551	0.983658775001568	60.4798768754427
"GOTERM_BP_DIRECT"	"GO:0007018~microtubule-based movement"	2	9.52380952380952	0.0878236534422734	"55860, 83658"	20	81	16792	20.7308641975309	0.999877616453915	0.950351323301521	63.8101254050437
