"Category"	"Term"	"Count"	"X."	"PValue"	"Genes"	"List.Total"	"Pop.Hits"	"Pop.Total"	"Fold.Enrichment"	"Bonferroni"	"Benjamini"	"FDR"
"GOTERM_BP_DIRECT"	"GO:0030099~myeloid cell differentiation"	2	10.5263157894737	0.0198323024758064	"7704, 84148"	15	24	16792	93.2888888888889	0.927497908298492	0.927497908298492	20.8318451554816
