"Category"	"Term"	"Count"	"X."	"PValue"	"Genes"	"List.Total"	"Pop.Hits"	"Pop.Total"	"Fold.Enrichment"	"Bonferroni"	"Benjamini"	"FDR"
"GOTERM_BP_DIRECT"	"GO:0070527~platelet aggregation"	2	11.7647058823529	0.0360199520796989	"2811, 7414"	16	41	16792	51.1951219512195	0.995613979263248	0.995613979263248	35.4066388568145
"GOTERM_BP_DIRECT"	"GO:0032355~response to estradiol"	2	11.7647058823529	0.0783077169070322	"7035, 3485"	16	91	16792	23.0659340659341	0.999994262525072	0.997604697320117	62.1487977275155
