"Category"	"Term"	"Count"	"X."	"PValue"	"Genes"	"List.Total"	"Pop.Hits"	"Pop.Total"	"Fold.Enrichment"	"Bonferroni"	"Benjamini"	"FDR"
"GOTERM_BP_DIRECT"	"GO:0007565~female pregnancy"	2	10.5263157894737	0.0617997012214691	"5016, 2796"	13	89	16792	29.0267934312878	0.988500215972377	0.988500215972377	48.3247258077081
"GOTERM_BP_DIRECT"	"GO:0007517~muscle organ development"	2	10.5263157894737	0.0617997012214691	"4621, 94104"	13	89	16792	29.0267934312878	0.988500215972377	0.988500215972377	48.3247258077081
