"Category"	"Term"	"Count"	"X."	"PValue"	"Genes"	"List.Total"	"Pop.Hits"	"Pop.Total"	"Fold.Enrichment"	"Bonferroni"	"Benjamini"	"FDR"
"GOTERM_BP_DIRECT"	"GO:0032024~positive regulation of insulin secretion"	2	10	0.043070500606521	"5106, 6659"	19	41	16792	43.1116816431322	0.999528903308094	0.999528903308094	41.6792813508865
"GOTERM_BP_DIRECT"	"GO:0071333~cellular response to glucose stimulus"	2	10	0.0543243536018986	"5106, 6659"	19	52	16792	33.9919028340081	0.999939862736102	0.992245178022814	49.5458045989303
"GOTERM_BP_DIRECT"	"GO:0072659~protein localization to plasma membrane"	2	10	0.0654531279796265	"83871, 23136"	19	63	16792	28.0568086883876	0.999992333637515	0.980281988450836	56.3554199369177
