"Category"	"Term"	"Count"	"X."	"PValue"	"Genes"	"List.Total"	"Pop.Hits"	"Pop.Total"	"Fold.Enrichment"	"Bonferroni"	"Benjamini"	"FDR"
"GOTERM_BP_DIRECT"	"GO:0006281~DNA repair"	3	15	0.0181625249519828	"5883, 1643, 3835"	16	235	16792	13.3978723404255	0.951411362788798	0.951411362788798	19.9476422005554
"GOTERM_BP_DIRECT"	"GO:0032259~methylation"	2	10	0.0632877087782868	"64745, 4144"	16	73	16792	28.7534246575342	0.999979344956027	0.995455217939995	54.7782830045767
"GOTERM_BP_DIRECT"	"GO:0006351~transcription, DNA-templated"	5	25	0.0876931691984015	"26036, 26147, 10062, 22955, 387032"	16	1955	16792	2.68414322250639	0.999999734995718	0.993576807119013	67.1770508861247
"GOTERM_BP_DIRECT"	"GO:0016925~protein sumoylation"	2	10	0.0996068341299314	"26036, 22955"	16	117	16792	17.9401709401709	0.999999969709158	0.986807477714239	72.0177200686132
