"Category"	"Term"	"Count"	"X."	"PValue"	"Genes"	"List.Total"	"Pop.Hits"	"Pop.Total"	"Fold.Enrichment"	"Bonferroni"	"Benjamini"	"FDR"
"GOTERM_BP_DIRECT"	"GO:0006364~rRNA processing"	4	19.047619047619	0.00121632455147146	"6205, 6206, 54059, 6209"	18	214	16792	17.4371754932503	0.129550379535149	0.129550379535149	1.3745887436367
"GOTERM_BP_DIRECT"	"GO:0006614~SRP-dependent cotranslational protein targeting to membrane"	3	14.2857142857143	0.00399208399895653	"6205, 6206, 6209"	18	94	16792	29.7730496453901	0.366191483497666	0.203879081732973	4.44721657258792
"GOTERM_BP_DIRECT"	"GO:0019083~viral transcription"	3	14.2857142857143	0.0056167747638382	"6205, 6206, 6209"	18	112	16792	24.9880952380952	0.473822847003915	0.192683189803151	6.20490350653141
"GOTERM_BP_DIRECT"	"GO:0000184~nuclear-transcribed mRNA catabolic process, nonsense-mediated decay"	3	14.2857142857143	0.00631786212404305	"6205, 6206, 6209"	18	119	16792	23.5182072829132	0.514473343437984	0.165256070017914	6.95423193688151
"GOTERM_BP_DIRECT"	"GO:0006413~translational initiation"	3	14.2857142857143	0.00829395236043124	"6205, 6206, 6209"	18	137	16792	20.4282238442822	0.613047524224399	0.172950457133068	9.03700814264435
"GOTERM_BP_DIRECT"	"GO:0006412~translation"	3	14.2857142857143	0.0264968118340538	"6205, 6206, 6209"	18	253	16792	11.0619235836627	0.953176798081886	0.399642162219206	26.3173501357968
"GOTERM_BP_DIRECT"	"GO:0006283~transcription-coupled nucleotide-excision repair"	2	9.52380952380952	0.0723660368053456	"2067, 6917"	18	74	16792	25.2132132132132	0.9998090423467	0.70575757200915	57.4414931630759
"GOTERM_BP_DIRECT"	"GO:0006366~transcription from RNA polymerase II promoter"	3	14.2857142857143	0.0936823223321843	"689, 6917, 6871"	18	513	16792	5.4554905782976	0.999986511259192	0.75382359445751	67.3287252977601
