"Category"	"Term"	"Count"	"X."	"PValue"	"Genes"	"List.Total"	"Pop.Hits"	"Pop.Total"	"Fold.Enrichment"	"Bonferroni"	"Benjamini"	"FDR"
"GOTERM_BP_DIRECT"	"GO:0016236~macroautophagy"	2	10.5263157894737	0.0742516966487845	"55669, 91452"	18	76	16792	24.5497076023392	0.999479636737245	0.999479636737245	57.3902807311597
"GOTERM_BP_DIRECT"	"GO:0050830~defense response to Gram-positive bacterium"	2	10.5263157894737	0.0826926096560169	"3570, 8343"	18	85	16792	21.9503267973856	0.999787939657095	0.985437708185016	61.4944667291718
