"Category"	"Term"	"Count"	"X."	"PValue"	"Genes"	"List.Total"	"Pop.Hits"	"Pop.Total"	"Fold.Enrichment"	"Bonferroni"	"Benjamini"	"FDR"
"GOTERM_BP_DIRECT"	"GO:0006366~transcription from RNA polymerase II promoter"	5	35.7142857142857	0.000350525734669694	"4097, 688, 10538, 4520, 3091"	13	513	16792	12.5895936422252	0.0618138235715628	0.0618138235715628	0.431697443284729
"GOTERM_BP_DIRECT"	"GO:0045944~positive regulation of transcription from RNA polymerase II promoter"	5	35.7142857142857	0.00392581007294309	"4097, 688, 10538, 4520, 3091"	13	981	16792	6.58354896887007	0.511249725152773	0.300893230724214	4.73813987521262
"GOTERM_BP_DIRECT"	"GO:0006357~regulation of transcription from RNA polymerase II promoter"	3	21.4285714285714	0.0381634464848086	"4097, 10538, 4520"	13	441	16792	8.78702250130822	0.999159703446641	0.905635018144558	38.1319795407791
"GOTERM_BP_DIRECT"	"GO:0051216~cartilage development"	2	14.2857142857143	0.041370908699776	"3091, 960"	13	59	16792	43.7861799217731	0.999542480107838	0.853747770496011	40.6303343432797
