"Category"	"Term"	"Count"	"X."	"PValue"	"Genes"	"List.Total"	"Pop.Hits"	"Pop.Total"	"Fold.Enrichment"	"Bonferroni"	"Benjamini"	"FDR"
"GOTERM_BP_DIRECT"	"GO:0006351~transcription, DNA-templated"	5	23.8095238095238	0.0876931691984015	"79175, 7539, 22927, 2063, 9925"	16	1955	16792	2.68414322250639	0.992282633769504	0.992282633769504	59.1572484381423
