"Category"	"Term"	"Count"	"X."	"PValue"	"Genes"	"List.Total"	"Pop.Hits"	"Pop.Total"	"Fold.Enrichment"	"Bonferroni"	"Benjamini"	"FDR"
"GOTERM_BP_DIRECT"	"GO:0060021~palate development"	2	10.5263157894737	0.0700387103609997	"3638, 4087"	17	76	16792	25.9938080495356	0.999893690088475	0.999893690088475	56.8677029489457
