"Category"	"Term"	"Count"	"X."	"PValue"	"Genes"	"List.Total"	"Pop.Hits"	"Pop.Total"	"Fold.Enrichment"	"Bonferroni"	"Benjamini"	"FDR"
"GOTERM_BP_DIRECT"	"GO:0006661~phosphatidylinositol biosynthetic process"	2	10.5263157894737	0.0571500877115237	"55697, 4952"	18	58	16792	32.1685823754789	0.998627326402353	0.998627326402353	48.6800290113878
"GOTERM_BP_DIRECT"	"GO:0007059~chromosome segregation"	2	10.5263157894737	0.0666873440405748	"4752, 79980"	18	68	16792	27.437908496732	0.999560416521378	0.979033753826161	54.2665186548018
