"Category"	"Term"	"Count"	"X."	"PValue"	"Genes"	"List.Total"	"Pop.Hits"	"Pop.Total"	"Fold.Enrichment"	"Bonferroni"	"Benjamini"	"FDR"
"GOTERM_BP_DIRECT"	"GO:0008089~anterograde axonal transport"	2	11.1111111111111	0.0184288468339369	"8120, 23095"	13	26	16792	99.3609467455621	0.921785950057721	0.921785950057721	19.6386271396777
