"Category"	"Term"	"Count"	"X."	"PValue"	"Genes"	"List.Total"	"Pop.Hits"	"Pop.Total"	"Fold.Enrichment"	"Bonferroni"	"Benjamini"	"FDR"
"GOTERM_BP_DIRECT"	"GO:0007030~Golgi organization"	3	7.69230769230769	0.0092608023686721	"399687, 64689, 3064"	34	74	16792	20.0222575516693	0.905881753842636	0.905881753842636	11.4115786504192
"GOTERM_BP_DIRECT"	"GO:0050868~negative regulation of T cell activation"	2	5.12820512820513	0.0214125830879136	"79626, 56940"	34	11	16792	89.7967914438503	0.995904515484788	0.936004027351623	24.5645947498611
"GOTERM_BP_DIRECT"	"GO:0006888~ER to Golgi vesicle-mediated transport"	3	7.69230769230769	0.0392832442457289	"1639, 64689, 1778"	34	160	16792	9.26029411764706	0.999962049039372	0.966394714364859	40.6620468733013
"GOTERM_BP_DIRECT"	"GO:0032733~positive regulation of interleukin-10 production"	2	5.12820512820513	0.0442646759173841	"54440, 11334"	34	23	16792	42.9462915601023	0.999989866487191	0.943579100563524	44.5464587812238
"GOTERM_BP_DIRECT"	"GO:0001662~behavioral fear response"	2	5.12820512820513	0.055495815235533	"4204, 10522"	34	29	16792	34.0608519269777	0.999999496746084	0.945000665746448	52.4587703021046
"GOTERM_BP_DIRECT"	"GO:0006468~protein phosphorylation"	4	10.2564102564103	0.0595307297319951	"79705, 9641, 5261, 4296"	34	456	16792	4.33230134158927	0.999999830358995	0.92559733823524	55.0368930634876
"GOTERM_BP_DIRECT"	"GO:0008542~visual learning"	2	5.12820512820513	0.0848234458153194	"4204, 10522"	34	45	16792	21.9503267973856	0.999999999833183	0.959896962176897	68.4744330849414
"GOTERM_BP_DIRECT"	"GO:0007254~JNK cascade"	2	5.12820512820513	0.0920162246436789	"10044, 4296"	34	49	16792	20.1584633853541	0.999999999977518	0.953336286007537	71.5531377083992
