"Category"	"Term"	"Count"	"X."	"PValue"	"Genes"	"List.Total"	"Pop.Hits"	"Pop.Total"	"Fold.Enrichment"	"Bonferroni"	"Benjamini"	"FDR"
"GOTERM_BP_DIRECT"	"GO:0016311~dephosphorylation"	2	11.7647058823529	0.0645937241357477	"51205, 9896"	14	86	16792	27.8936877076412	0.996793553296418	0.996793553296418	51.3271136769641
