"Category"	"Term"	"Count"	"X."	"PValue"	"Genes"	"List.Total"	"Pop.Hits"	"Pop.Total"	"Fold.Enrichment"	"Bonferroni"	"Benjamini"	"FDR"
"GOTERM_BP_DIRECT"	"GO:0043547~positive regulation of GTPase activity"	3	23.0769230769231	0.0212107221763816	"221178, 116984, 10142"	8	565	16792	11.1451327433628	0.866713825858861	0.866713825858861	20.9573310338773
