"Category"	"Term"	"Count"	"X."	"PValue"	"Genes"	"List.Total"	"Pop.Hits"	"Pop.Total"	"Fold.Enrichment"	"Bonferroni"	"Benjamini"	"FDR"
"GOTERM_BP_DIRECT"	"GO:0050776~regulation of immune response"	7	50	1.14289239241794e-09	"3820, 3802, 117157, 3811, 3821, 3805, 3804"	13	178	16792	50.7968885047537	9.25742840163224e-08	9.25742840163224e-08	1.21801777552832e-06
"GOTERM_BP_DIRECT"	"GO:0071799~cellular response to prostaglandin D stimulus"	2	14.2857142857143	0.00428073923839996	"5729, 8644"	13	6	16792	430.564102564103	0.29353679197146	0.159486342747162	4.46897871855191
"GOTERM_BP_DIRECT"	"GO:0042267~natural killer cell mediated cytotoxicity"	2	14.2857142857143	0.0127918667084324	"3811, 3002"	13	18	16792	143.521367521368	0.647542544105174	0.29362459817006	12.820985674065
"GOTERM_BP_DIRECT"	"GO:0006955~immune response"	3	21.4285714285714	0.0350531040338598	"3802, 3811, 3804"	13	421	16792	9.20445824958889	0.944438176918109	0.51449453612583	31.6327959865082
