"Category"	"Term"	"Count"	"X."	"PValue"	"Genes"	"List.Total"	"Pop.Hits"	"Pop.Total"	"Fold.Enrichment"	"Bonferroni"	"Benjamini"	"FDR"
"GOTERM_BP_DIRECT"	"GO:0006198~cAMP catabolic process"	2	16.6666666666667	0.00889937822066263	"5142, 5150"	11	15	16792	203.539393939394	0.430599083772294	0.430599083772294	8.65388465782453
"GOTERM_BP_DIRECT"	"GO:0007165~signal transduction"	4	33.3333333333333	0.027394902003244	"5142, 944, 2969, 5150"	11	1161	16792	5.25941586406703	0.826219067703218	0.583129597720368	24.5166977555345
