"Category"	"Term"	"Count"	"X."	"PValue"	"Genes"	"List.Total"	"Pop.Hits"	"Pop.Total"	"Fold.Enrichment"	"Bonferroni"	"Benjamini"	"FDR"
"GOTERM_BP_DIRECT"	"GO:0006355~regulation of transcription, DNA-templated"	5	33.3333333333333	0.00866142563564232	"7536, 84146, 9923, 54811, 23099"	11	1504	16792	5.07495164410058	0.306056309473151	0.306056309473151	7.73547992015655
"GOTERM_BP_DIRECT"	"GO:0006351~transcription, DNA-templated"	5	33.3333333333333	0.0215696759843683	"7536, 84146, 9923, 54811, 23099"	11	1955	16792	3.90420832364566	0.59981945364462	0.367401749642492	18.2750942851112
