"Category"	"Term"	"Count"	"X."	"PValue"	"Genes"	"List.Total"	"Pop.Hits"	"Pop.Total"	"Fold.Enrichment"	"Bonferroni"	"Benjamini"	"FDR"
"GOTERM_BP_DIRECT"	"GO:0006779~porphyrin-containing compound biosynthetic process"	2	14.2857142857143	0.00570391520403864	"210, 7389"	13	8	16792	322.923076923077	0.409191007781204	0.409191007781204	6.05800745039381
"GOTERM_BP_DIRECT"	"GO:0006782~protoporphyrinogen IX biosynthetic process"	2	14.2857142857143	0.00641480372984291	"210, 7389"	13	9	16792	287.042735042735	0.446815093643028	0.256235987455045	6.78917999573284
"GOTERM_BP_DIRECT"	"GO:0006783~heme biosynthetic process"	2	14.2857142857143	0.0149092024702897	"210, 7389"	13	21	16792	123.018315018315	0.748917695673455	0.369131705103875	15.134870545608
"GOTERM_BP_DIRECT"	"GO:0006979~response to oxidative stress"	2	14.2857142857143	0.075861561499121	"210, 25824"	13	110	16792	23.4853146853147	0.999295619727477	0.837088479887468	57.7639824503675
