"Category"	"Term"	"Count"	"X."	"PValue"	"Genes"	"List.Total"	"Pop.Hits"	"Pop.Total"	"Fold.Enrichment"	"Bonferroni"	"Benjamini"	"FDR"
"GOTERM_BP_DIRECT"	"GO:0048706~embryonic skeletal system development"	2	14.2857142857143	0.0212362584469471	"202018, 55959"	13	30	16792	86.1128205128205	0.918845785310319	0.918845785310319	21.7509640809756
"GOTERM_BP_DIRECT"	"GO:0000413~protein peptidyl-prolyl isomerization"	2	14.2857142857143	0.030309592131292	"283237, 5903"	13	43	16792	60.0787119856887	0.972705656396781	0.834790001503484	29.6505584149477
"GOTERM_BP_DIRECT"	"GO:0051216~cartilage development"	2	14.2857142857143	0.041370908699776	"202018, 55959"	13	59	16792	43.7861799217731	0.992869488212002	0.80752533722585	38.2940198098852
"GOTERM_BP_DIRECT"	"GO:0016925~protein sumoylation"	2	14.2857142857143	0.080505741546835	"9063, 5903"	13	117	16792	22.0802103879027	0.999945645495157	0.914136440970941	61.6746443732598
