"Category"	"Term"	"Count"	"X."	"PValue"	"Genes"	"List.Total"	"Pop.Hits"	"Pop.Total"	"Fold.Enrichment"	"Bonferroni"	"Benjamini"	"FDR"
"GOTERM_BP_DIRECT"	"GO:0006355~regulation of transcription, DNA-templated"	9	24.3243243243243	0.00739501676639707	"55659, 55552, 6775, 58492, 51106, 27097, 79039, 4092, 163087"	34	1504	16792	2.95541301627034	0.73515927906977	0.73515927906977	8.72939391630163
"GOTERM_BP_DIRECT"	"GO:0007259~JAK-STAT cascade"	2	5.40540540540541	0.0610632860992825	"8835, 6775"	34	32	16792	30.8676470588235	0.999987355505936	0.996444090262079	53.9465743947492
"GOTERM_BP_DIRECT"	"GO:0006351~transcription, DNA-templated"	8	21.6216216216216	0.0817173123299921	"55659, 55552, 6775, 58492, 51106, 79039, 4092, 163087"	34	1955	16792	2.02100195576952	0.999999764074435	0.993820903168056	64.9743107516104
