"Category"	"Term"	"Count"	"X."	"PValue"	"Genes"	"List.Total"	"Pop.Hits"	"Pop.Total"	"Fold.Enrichment"	"Bonferroni"	"Benjamini"	"FDR"
"GOTERM_BP_DIRECT"	"GO:0098609~cell-cell adhesion"	3	18.75	0.0153935503828223	"8407, 9218, 3190"	13	271	16792	14.2991768379222	0.834624775234955	0.834624775234955	16.221027514774
"GOTERM_BP_DIRECT"	"GO:0030148~sphingolipid biosynthetic process"	2	12.5	0.033778757071091	"9218, 259230"	13	48	16792	53.8205128205128	0.981426940483527	0.863716987425165	32.4319666181684
"GOTERM_BP_DIRECT"	"GO:0007165~signal transduction"	4	25	0.0453002085146664	"5906, 9218, 3190, 4793"	13	1161	16792	4.45027496190287	0.99538095690143	0.833460468661742	41.0743893359556
"GOTERM_BP_DIRECT"	"GO:0071222~cellular response to lipopolysaccharide"	2	12.5	0.0778545509184552	"4793, 259230"	13	113	16792	22.8618107556161	0.999917446865881	0.904680140954418	60.3354340709001
