"Category"	"Term"	"Count"	"X."	"PValue"	"Genes"	"List.Total"	"Pop.Hits"	"Pop.Total"	"Fold.Enrichment"	"Bonferroni"	"Benjamini"	"FDR"
"GOTERM_BP_DIRECT"	"GO:0001933~negative regulation of protein phosphorylation"	2	14.2857142857143	0.046225298872164	"3486, 55022"	14	61	16792	39.3255269320843	0.999996426147483	0.999996426147483	46.2306648915267
"GOTERM_BP_DIRECT"	"GO:0051897~positive regulation of protein kinase B signaling"	2	14.2857142857143	0.0631363559964542	"2625, 3084"	14	84	16792	28.5578231292517	0.999999968793699	0.999823346947233	57.4717256839586
"GOTERM_BP_DIRECT"	"GO:0071356~cellular response to tumor necrosis factor"	2	14.2857142857143	0.0819196799898277	"2625, 55022"	14	110	16792	21.8077922077922	0.999999999854327	0.999473829431726	67.3888485516828
