"Category"	"Term"	"Count"	"X."	"PValue"	"Genes"	"List.Total"	"Pop.Hits"	"Pop.Total"	"Fold.Enrichment"	"Bonferroni"	"Benjamini"	"FDR"
"GOTERM_BP_DIRECT"	"GO:0014829~vascular smooth muscle contraction"	2	6.06060606060606	0.00689079058509854	"5910, 5286"	30	4	16792	279.866666666667	0.761009346591171	0.761009346591171	8.34658214954271
"GOTERM_BP_DIRECT"	"GO:0006310~DNA recombination"	3	9.09090909090909	0.00898758559671064	"2067, 546, 10445"	30	83	16792	20.2313253012048	0.845697611427848	0.607186572820949	10.7560526434743
"GOTERM_BP_DIRECT"	"GO:1901796~regulation of signal transduction by p53 class mediator"	3	9.09090909090909	0.0192821883419007	"138474, 54971, 56950"	30	124	16792	13.541935483871	0.982232716420189	0.739060188275219	21.7621779617037
"GOTERM_BP_DIRECT"	"GO:0006281~DNA repair"	3	9.09090909090909	0.0618398946157401	"2067, 546, 10445"	30	235	16792	7.14553191489362	0.999998174714044	0.963243620398827	55.2736274333561
