"Category"	"Term"	"Count"	"X."	"PValue"	"Genes"	"List.Total"	"Pop.Hits"	"Pop.Total"	"Fold.Enrichment"	"Bonferroni"	"Benjamini"	"FDR"
"GOTERM_BP_DIRECT"	"GO:0006396~RNA processing"	2	14.2857142857143	0.0725719118145237	"55109, 10171"	14	97	16792	24.7304860088365	0.97506944208767	0.97506944208767	51.4394002706981
