"Category"	"Term"	"Count"	"X."	"PValue"	"Genes"	"List.Total"	"Pop.Hits"	"Pop.Total"	"Fold.Enrichment"	"Bonferroni"	"Benjamini"	"FDR"
"GOTERM_BP_DIRECT"	"GO:0007286~spermatid development"	2	16.6666666666667	0.0361081552003651	"80025, 79989"	9	77	16792	48.4617604617605	0.885798963608317	0.885798963608317	30.7356952955415
