"Category"	"Term"	"Count"	"X."	"PValue"	"Genes"	"List.Total"	"Pop.Hits"	"Pop.Total"	"Fold.Enrichment"	"Bonferroni"	"Benjamini"	"FDR"
"GOTERM_BP_DIRECT"	"GO:0006915~apoptotic process"	4	26.6666666666667	0.00670790791598331	"6279, 7128, 30011, 51643"	13	567	16792	9.11246777913445	0.68577538437324	0.68577538437324	7.89796776024748
"GOTERM_BP_DIRECT"	"GO:0042632~cholesterol homeostasis"	2	13.3333333333333	0.0448037757133784	"4023, 55004"	13	64	16792	40.3653846153846	0.999623359774005	0.980592779024431	42.897712475505
"GOTERM_BP_DIRECT"	"GO:0050729~positive regulation of inflammatory response"	2	13.3333333333333	0.0509545532877273	"4023, 6279"	13	73	16792	35.3888303477345	0.999876015984007	0.950135833213337	47.2335066452896
"GOTERM_BP_DIRECT"	"GO:0016042~lipid catabolic process"	2	13.3333333333333	0.0590991174053968	"4023, 5336"	13	85	16792	30.3927601809955	0.999971845575313	0.927157194454492	52.5099677134502
