"Category"	"Term"	"Count"	"X."	"PValue"	"Genes"	"List.Total"	"Pop.Hits"	"Pop.Total"	"Fold.Enrichment"	"Bonferroni"	"Benjamini"	"FDR"
"GOTERM_BP_DIRECT"	"GO:0035556~intracellular signal transduction"	3	21.4285714285714	0.0376307498309178	"23228, 5579, 7297"	14	403	16792	8.92874867068415	0.982181034884281	0.982181034884281	34.9261096282316
"GOTERM_BP_DIRECT"	"GO:0006357~regulation of transcription from RNA polymerase II promoter"	3	21.4285714285714	0.0443334464166972	"5579, 2354, 8625"	14	441	16792	8.15937803692906	0.9914459729772	0.90751201687354	39.8262511441099
"GOTERM_BP_DIRECT"	"GO:0006468~protein phosphorylation"	3	21.4285714285714	0.0470962968410179	"11040, 5579, 7297"	14	456	16792	7.89097744360902	0.993688297164513	0.815194235167631	41.746377214943
"GOTERM_BP_DIRECT"	"GO:0006369~termination of RNA polymerase II transcription"	2	14.2857142857143	0.0484469555935791	"80145, 84967"	14	64	16792	37.4821428571429	0.994561672926312	0.728439668047135	42.6646003682367
