"Category"	"Term"	"Count"	"X."	"PValue"	"Genes"	"List.Total"	"Pop.Hits"	"Pop.Total"	"Fold.Enrichment"	"Bonferroni"	"Benjamini"	"FDR"
"GOTERM_BP_DIRECT"	"GO:0006952~defense response"	2	16.6666666666667	0.0314842110975424	"10321, 7033"	9	67	16792	55.6948590381426	0.975544430200008	0.975544430200008	30.578533799831
"GOTERM_BP_DIRECT"	"GO:0045944~positive regulation of transcription from RNA polymerase II promoter"	3	25	0.0754908603640048	"28984, 55553, 6423"	9	981	16792	5.70574243968739	0.999888903536333	0.989459769278285	59.1598967113837
