"Category"	"Term"	"Count"	"X."	"PValue"	"Genes"	"List.Total"	"Pop.Hits"	"Pop.Total"	"Fold.Enrichment"	"Bonferroni"	"Benjamini"	"FDR"
"GOTERM_BP_DIRECT"	"GO:0032720~negative regulation of tumor necrosis factor production"	2	15.3846153846154	0.0246202988024434	"5987, 5443"	12	38	16792	73.6491228070175	0.935566985753542	0.935566985753542	24.5460618747052
"GOTERM_BP_DIRECT"	"GO:0042147~retrograde transport, endosome to Golgi"	2	15.3846153846154	0.0442957123369833	"79735, 5987"	12	69	16792	40.56038647343	0.993151605227799	0.917244971317747	40.0636371103365
