"Category"	"Term"	"Count"	"X."	"PValue"	"Genes"	"List.Total"	"Pop.Hits"	"Pop.Total"	"Fold.Enrichment"	"Bonferroni"	"Benjamini"	"FDR"
"GOTERM_BP_DIRECT"	"GO:0006955~immune response"	3	27.2727272727273	0.0121141774182369	"10410, 2215, 8740"	8	421	16792	14.9572446555819	0.4429115757961	0.4429115757961	10.9808413812814
"GOTERM_BP_DIRECT"	"GO:0051262~protein tetramerization"	2	18.1818181818182	0.0165588552940356	"140803, 7053"	8	40	16792	104.95	0.551335241679778	0.330175576497675	14.7305333530855
