"Category"	"Term"	"Count"	"X."	"PValue"	"Genes"	"List.Total"	"Pop.Hits"	"Pop.Total"	"Fold.Enrichment"	"Bonferroni"	"Benjamini"	"FDR"
"GOTERM_BP_DIRECT"	"GO:0006355~regulation of transcription, DNA-templated"	7	21.875	0.0294076480085758	"10933, 7673, 55762, 7773, 9439, 55095, 79685"	28	1504	16792	2.79122340425532	0.99655646639983	0.99655646639983	30.9941461019114
"GOTERM_BP_DIRECT"	"GO:0006351~transcription, DNA-templated"	8	25	0.0312475584403873	"10933, 7673, 55762, 9205, 79576, 7773, 55095, 79685"	28	1955	16792	2.45407380343442	0.997598769151737	0.950997644462096	32.6024579015653
"GOTERM_BP_DIRECT"	"GO:0016575~histone deacetylation"	2	6.25	0.0714423074381858	"10933, 79685"	28	46	16792	26.0745341614907	0.999999234950523	0.990854028558788	60.1976701554531
"GOTERM_BP_DIRECT"	"GO:0008630~intrinsic apoptotic signaling pathway in response to DNA damage"	2	6.25	0.0729394445247128	"572, 7507"	28	47	16792	25.5197568389058	0.999999436959552	0.972607296374602	60.9879615985644
"GOTERM_BP_DIRECT"	"GO:0019827~stem cell population maintenance"	2	6.25	0.0774169220243844	"23168, 79576"	28	50	16792	23.9885714285714	0.999999775590077	0.953204034566336	63.2661908560238
"GOTERM_BP_DIRECT"	"GO:0017148~negative regulation of translation"	2	6.25	0.0892552894872726	"55095, 10658"	28	58	16792	20.679802955665	0.999999980708547	0.948212196614674	68.7135774362569
