"Category"	"Term"	"Count"	"X."	"PValue"	"Genes"	"List.Total"	"Pop.Hits"	"Pop.Total"	"Fold.Enrichment"	"Bonferroni"	"Benjamini"	"FDR"
"GOTERM_BP_DIRECT"	"GO:0006351~transcription, DNA-templated"	5	41.6666666666667	0.0142361990423531	"988, 548644, 55818, 55629, 27332"	10	1955	16792	4.29462915601023	0.6005490800125	0.6005490800125	13.5553040623418
