"Category"	"Term"	"Count"	"X."	"PValue"	"Genes"	"List.Total"	"Pop.Hits"	"Pop.Total"	"Fold.Enrichment"	"Bonferroni"	"Benjamini"	"FDR"
"GOTERM_BP_DIRECT"	"GO:0002250~adaptive immune response"	2	15.3846153846154	0.0928158726401208	"55824, 214"	12	148	16792	18.9099099099099	0.999810678917728	0.999810678917728	65.1843512314307
"GOTERM_BP_DIRECT"	"GO:0050852~T cell receptor signaling pathway"	2	15.3846153846154	0.0928158726401208	"55824, 23291"	12	148	16792	18.9099099099099	0.999810678917728	0.999810678917728	65.1843512314307
