"Category"	"Term"	"Count"	"X."	"PValue"	"Genes"	"List.Total"	"Pop.Hits"	"Pop.Total"	"Fold.Enrichment"	"Bonferroni"	"Benjamini"	"FDR"
"GOTERM_BP_DIRECT"	"GO:0006783~heme biosynthetic process"	2	15.3846153846154	0.0124391250201101	"51522, 200205"	11	21	16792	145.385281385281	0.73133755765514	0.73133755765514	13.0822138306608
"GOTERM_BP_DIRECT"	"GO:0035019~somatic stem cell population maintenance"	2	15.3846153846154	0.0380515726050266	"5438, 607"	11	65	16792	46.9706293706294	0.982980850890486	0.869542539080687	35.2441351910953
"GOTERM_BP_DIRECT"	"GO:0008217~regulation of blood pressure"	2	15.3846153846154	0.0380515726050266	"6647, 6296"	11	65	16792	46.9706293706294	0.982980850890486	0.869542539080687	35.2441351910953
