"Category"	"Term"	"Count"	"X."	"PValue"	"Genes"	"List.Total"	"Pop.Hits"	"Pop.Total"	"Fold.Enrichment"	"Bonferroni"	"Benjamini"	"FDR"
"GOTERM_BP_DIRECT"	"GO:0032259~methylation"	2	15.3846153846154	0.0468080176375935	"10400, 57019"	12	73	16792	38.337899543379	0.928398695028886	0.928398695028886	37.5946676554296
