"Category"	"Term"	"Count"	"X."	"PValue"	"Genes"	"List.Total"	"Pop.Hits"	"Pop.Total"	"Fold.Enrichment"	"Bonferroni"	"Benjamini"	"FDR"
"GOTERM_BP_DIRECT"	"GO:0009396~folic acid-containing compound biosynthetic process"	2	18.1818181818182	0.00356834509560499	"4522, 25902"	11	6	16792	508.848484848485	0.29553964899179	0.29553964899179	3.87551715323965
"GOTERM_BP_DIRECT"	"GO:0048702~embryonic neurocranium morphogenesis"	2	18.1818181818182	0.00475524431552861	"4522, 25902"	11	8	16792	381.636363636364	0.373198561260282	0.208292074853537	5.1339849795573
"GOTERM_BP_DIRECT"	"GO:0035999~tetrahydrofolate interconversion"	2	18.1818181818182	0.0059408709863821	"4522, 25902"	11	10	16792	305.309090909091	0.442304207630392	0.176875005699816	6.37612393707896
"GOTERM_BP_DIRECT"	"GO:0048703~embryonic viscerocranium morphogenesis"	2	18.1818181818182	0.00653320749485943	"4522, 25902"	11	11	16792	277.553719008264	0.473947860091871	0.14835775150294	6.99113580779561
"GOTERM_BP_DIRECT"	"GO:0046655~folic acid metabolic process"	2	18.1818181818182	0.010670676426	"4522, 25902"	11	18	16792	169.616161616162	0.650532811690005	0.189633869681386	11.1855503881645
"GOTERM_BP_DIRECT"	"GO:0006730~one-carbon metabolic process"	2	18.1818181818182	0.0177274138591311	"4522, 25902"	11	30	16792	101.769696969697	0.826724037909993	0.253339712577028	17.9443194276642
"GOTERM_BP_DIRECT"	"GO:0001843~neural tube closure"	2	18.1818181818182	0.044932228623104	"4522, 25902"	11	77	16792	39.6505312868949	0.988950296348196	0.474613799682779	39.8499632435539
"GOTERM_BP_DIRECT"	"GO:0055114~oxidation-reduction process"	3	27.2727272727273	0.0462862268661664	"4522, 25902, 6240"	11	592	16792	7.73587223587224	0.990384555872154	0.440408423339254	40.7861607476154
"GOTERM_BP_DIRECT"	"GO:0006260~DNA replication"	2	18.1818181818182	0.0885873266625848	"10036, 6240"	11	155	16792	19.6973607038123	0.999887260476285	0.635798441817727	64.1437282882407
