"Category"	"Term"	"Count"	"X."	"PValue"	"Genes"	"List.Total"	"Pop.Hits"	"Pop.Total"	"Fold.Enrichment"	"Bonferroni"	"Benjamini"	"FDR"
"GOTERM_BP_DIRECT"	"GO:0006351~transcription, DNA-templated"	12	35.2941176470588	0.000648407527697591	"128553, 7769, 1389, 79842, 7551, 23081, 10138, 125919, 55081, 10657, 23411, 162239"	33	1955	16792	3.12336665891653	0.181084432894014	0.181084432894014	0.866451620469544
"GOTERM_BP_DIRECT"	"GO:0034351~negative regulation of glial cell apoptotic process"	2	5.88235294117647	0.0132660209407933	"5578, 5584"	33	7	16792	145.385281385281	0.983645931865535	0.872116974799368	16.4041693510609
"GOTERM_BP_DIRECT"	"GO:0046326~positive regulation of glucose import"	2	5.88235294117647	0.0556648489733412	"1389, 5584"	33	30	16792	33.9232323232323	0.999999978179938	0.997205620905774	53.6257808629457
"GOTERM_BP_DIRECT"	"GO:0071479~cellular response to ionizing radiation"	2	5.88235294117647	0.0574676603855962	"83695, 23411"	33	31	16792	32.8289345063539	0.999999987887098	0.989509116844106	54.7996077726019
"GOTERM_BP_DIRECT"	"GO:0070555~response to interleukin-1"	2	5.88235294117647	0.0610632860991781	"5578, 5584"	33	33	16792	30.8393021120294	0.999999996267611	0.979374837787105	57.0590749805334
"GOTERM_BP_DIRECT"	"GO:0042981~regulation of apoptotic process"	3	8.82352941176471	0.0619507117532727	"54870, 330, 55081"	33	213	16792	7.16688006828852	0.999999997210652	0.96248106885636	57.6004075543947
"GOTERM_BP_DIRECT"	"GO:0001525~angiogenesis"	3	8.82352941176471	0.067133061548513	"5140, 5578, 23411"	33	223	16792	6.84549531186303	0.99999999949363	0.953003353371122	60.63757646091
"GOTERM_BP_DIRECT"	"GO:0007275~multicellular organism development"	4	11.7647058823529	0.0758777647381441	"55632, 54870, 128553, 7551"	33	521	16792	3.90670621764672	0.99999999997216	0.95207273278237	65.3100241978237
