"Category"	"Term"	"Count"	"X."	"PValue"	"Genes"	"List.Total"	"Pop.Hits"	"Pop.Total"	"Fold.Enrichment"	"Bonferroni"	"Benjamini"	"FDR"
"GOTERM_BP_DIRECT"	"GO:0006351~transcription, DNA-templated"	5	41.6666666666667	0.0215696759843683	"8427, 6830, 7832, 92822, 22933"	11	1955	16792	3.90420832364566	0.930072451684393	0.930072451684393	22.2027112002592
"GOTERM_BP_DIRECT"	"GO:0006342~chromatin silencing"	2	16.6666666666667	0.0264846157468196	"6830, 22933"	11	45	16792	67.8464646464647	0.962171082434228	0.805503425310953	26.5852894947961
"GOTERM_BP_DIRECT"	"GO:0000122~negative regulation of transcription from RNA polymerase II promoter"	3	25	0.0657526286698567	"7832, 3096, 22933"	11	720	16792	6.36060606060606	0.999750913657173	0.93708078357752	54.3008678730304
