"Category"	"Term"	"Count"	"X."	"PValue"	"Genes"	"List.Total"	"Pop.Hits"	"Pop.Total"	"Fold.Enrichment"	"Bonferroni"	"Benjamini"	"FDR"
"GOTERM_BP_DIRECT"	"GO:0009306~protein secretion"	2	16.6666666666667	0.0151471938535226	"5872, 374969"	9	32	16792	116.611111111111	0.519355827775546	0.519355827775546	13.5552261324779
"GOTERM_BP_DIRECT"	"GO:0006897~endocytosis"	2	16.6666666666667	0.0643478810092282	"6455, 115123"	9	139	16792	26.845723421263	0.958933143257068	0.79735040897418	46.9936267504229
