"Category"	"Term"	"Count"	"X."	"PValue"	"Genes"	"List.Total"	"Pop.Hits"	"Pop.Total"	"Fold.Enrichment"	"Bonferroni"	"Benjamini"	"FDR"
"GOTERM_BP_DIRECT"	"GO:0006027~glycosaminoglycan catabolic process"	2	15.3846153846154	0.0169056686787174	"375790, 6383"	12	26	16792	107.641025641026	0.707009312619247	0.707009312619247	16.2615177919906
"GOTERM_BP_DIRECT"	"GO:0030203~glycosaminoglycan metabolic process"	2	15.3846153846154	0.0188395089092296	"375790, 6383"	12	29	16792	96.5057471264368	0.745736665447119	0.495754688120077	17.9602869038575
"GOTERM_BP_DIRECT"	"GO:0006024~glycosaminoglycan biosynthetic process"	2	15.3846153846154	0.0271795858166246	"375790, 6383"	12	42	16792	66.6349206349206	0.862484188688823	0.483840159148727	24.9354441896915
"GOTERM_BP_DIRECT"	"GO:0001523~retinoid metabolic process"	2	15.3846153846154	0.0392530341203974	"375790, 6383"	12	61	16792	45.879781420765	0.944043627167087	0.513634916807271	34.0854373896721
"GOTERM_BP_DIRECT"	"GO:0071805~potassium ion transmembrane transport"	2	15.3846153846154	0.0764909484376668	"169522, 150160"	12	121	16792	23.129476584022	0.996750898614773	0.68205452194066	56.3197532923225
