"Category"	"Term"	"Count"	"X."	"PValue"	"Genes"	"List.Total"	"Pop.Hits"	"Pop.Total"	"Fold.Enrichment"	"Bonferroni"	"Benjamini"	"FDR"
"GOTERM_BP_DIRECT"	"GO:0051607~defense response to virus"	2	22.2222222222222	0.0759731708434691	"10623, 83737"	9	165	16792	22.6154882154882	0.999246129262949	0.999246129262949	57.7432465709781
