"Category"	"Term"	"Count"	"X."	"PValue"	"Genes"	"List.Total"	"Pop.Hits"	"Pop.Total"	"Fold.Enrichment"	"Bonferroni"	"Benjamini"	"FDR"
"GOTERM_BP_DIRECT"	"GO:0000209~protein polyubiquitination"	2	22.2222222222222	0.0639799221651687	"5721, 140691"	7	184	16792	26.0745341614907	0.958150728880834	0.958150728880834	46.7943512843355
