"Category"	"Term"	"Count"	"X."	"PValue"	"Genes"	"List.Total"	"Pop.Hits"	"Pop.Total"	"Fold.Enrichment"	"Bonferroni"	"Benjamini"	"FDR"
"GOTERM_BP_DIRECT"	"GO:0007165~signal transduction"	4	36.3636363636364	0.0141857386679812	"920, 8536, 51744, 3568"	9	1161	16792	6.42817494497081	0.76713734009182	0.76713734009182	14.7149534242035
"GOTERM_BP_DIRECT"	"GO:0002250~adaptive immune response"	2	18.1818181818182	0.0683864189067935	"920, 51744"	9	148	16792	25.2132132132132	0.999272131828282	0.973020967924734	54.5781627029508
