"Category"	"Term"	"Count"	"X."	"PValue"	"Genes"	"List.Total"	"Pop.Hits"	"Pop.Total"	"Fold.Enrichment"	"Bonferroni"	"Benjamini"	"FDR"
"GOTERM_BP_DIRECT"	"GO:0016573~histone acetylation"	3	4.41176470588235	0.00572280717986785	"10524, 1386, 26122"	57	34	16792	25.9938080495356	0.846910594039068	0.846910594039068	7.47588521636352
"GOTERM_BP_DIRECT"	"GO:0060644~mammary gland epithelial cell differentiation"	2	2.94117647058824	0.0425118948002361	"3202, 208"	57	13	16792	45.3225371120108	0.99999932295474	0.999177172399614	44.4640732019644
"GOTERM_BP_DIRECT"	"GO:0000380~alternative mRNA splicing, via spliceosome"	2	2.94117647058824	0.0457075163435997	"6431, 6421"	57	14	16792	42.0852130325814	0.999999773091094	0.993900645901618	46.9216196538377
