"Category"	"Term"	"Count"	"X."	"PValue"	"Genes"	"List.Total"	"Pop.Hits"	"Pop.Total"	"Fold.Enrichment"	"Bonferroni"	"Benjamini"	"FDR"
"GOTERM_BP_DIRECT"	"GO:0018230~peptidyl-L-cysteine S-palmitoylation"	2	2.29885057471264	0.0244063068566102	"25999, 401647"	70	6	16792	79.9619047619048	0.999844943722322	0.999844943722322	28.7270579800534
"GOTERM_BP_DIRECT"	"GO:0031115~negative regulation of microtubule polymerization"	2	2.29885057471264	0.0403500654863972	"3925, 25999"	70	10	16792	47.9771428571429	0.999999553257273	0.999331611843913	43.1349783862589
"GOTERM_BP_DIRECT"	"GO:0007409~axonogenesis"	3	3.44827586206897	0.0614681458716638	"3925, 79414, 4897"	70	98	16792	7.34344023323615	0.99999999983427	0.999450711655435	58.0823935774853
