"Category"	"Term"	"Count"	"X."	"PValue"	"Genes"	"List.Total"	"Pop.Hits"	"Pop.Total"	"Fold.Enrichment"	"Bonferroni"	"Benjamini"	"FDR"
"GOTERM_BP_DIRECT"	"GO:0071787~endoplasmic reticulum tubular network assembly"	2	4.16666666666667	0.00854873548925544	"57142, 10313"	37	4	16792	226.918918918919	0.856341989069478	0.856341989069478	10.3951870736506
"GOTERM_BP_DIRECT"	"GO:0071786~endoplasmic reticulum tubular network organization"	2	4.16666666666667	0.0170264032364555	"57142, 10313"	37	8	16792	113.459459459459	0.979371925789261	0.856375231207362	19.7118771930095
"GOTERM_BP_DIRECT"	"GO:0045892~negative regulation of transcription, DNA-templated"	4	8.33333333333333	0.0905844272675474	"387893, 10472, 2167, 7067"	37	499	16792	3.63797866002275	0.99999999952104	0.999217592266083	70.2971805572528
