"Category"	"Term"	"Count"	"X."	"PValue"	"Genes"	"List.Total"	"Pop.Hits"	"Pop.Total"	"Fold.Enrichment"	"Bonferroni"	"Benjamini"	"FDR"
"GOTERM_BP_DIRECT"	"GO:0031497~chromatin assembly"	2	2.66666666666667	0.0305570968125258	"3146, 5928"	66	8	16792	63.6060606060606	0.999997020683436	0.999997020683436	35.2356618356062
"GOTERM_BP_DIRECT"	"GO:0007517~muscle organ development"	3	4	0.0465847541464441	"8910, 2275, 4000"	66	89	16792	8.57609805924413	0.999999996796256	0.999943398370714	48.7153783032316
"GOTERM_BP_DIRECT"	"GO:0048872~homeostasis of number of cells"	2	2.66666666666667	0.0491864456437132	"1233, 1000"	66	13	16792	39.1421911421911	0.999999998955041	0.998985232754342	50.6400022821492
"GOTERM_BP_DIRECT"	"GO:0006412~translation"	4	5.33333333333333	0.0747768971512211	"7352, 6189, 10165, 6234"	66	253	16792	4.02251766678644	0.999999999999985	0.999653053085545	66.3091283738507
"GOTERM_BP_DIRECT"	"GO:0000184~nuclear-transcribed mRNA catabolic process, nonsense-mediated decay"	3	4	0.0776418062622173	"6189, 196513, 6234"	66	119	16792	6.41405653170359	0.999999999999996	0.998676365638391	67.7404213669469
"GOTERM_BP_DIRECT"	"GO:0055114~oxidation-reduction process"	6	8	0.0788005340675134	"126410, 4199, 441250, 2330, 195827, 84864"	66	592	16792	2.57862407862408	0.999999999999998	0.996334206784422	68.3031115767983
"GOTERM_BP_DIRECT"	"GO:0007204~positive regulation of cytosolic calcium ion concentration"	3	4	0.095033863126323	"1233, 3146, 10803"	66	134	16792	5.69606512890095	1	0.997116675453256	75.2866365112195
