"Category"	"Term"	"Count"	"X."	"PValue"	"Genes"	"List.Total"	"Pop.Hits"	"Pop.Total"	"Fold.Enrichment"	"Bonferroni"	"Benjamini"	"FDR"
"GOTERM_BP_DIRECT"	"GO:0035176~social behavior"	3	4.22535211267606	0.0119453663958315	"8195, 310, 5532"	59	48	16792	17.7881355932203	0.995183341281556	0.995183341281556	15.6471722162305
"GOTERM_BP_DIRECT"	"GO:0031398~positive regulation of protein ubiquitination"	3	4.22535211267606	0.0206115491382884	"7189, 51256, 55294"	59	64	16792	13.3411016949153	0.999903614784674	0.990182402772273	25.5397164969631
"GOTERM_BP_DIRECT"	"GO:0000209~protein polyubiquitination"	4	5.63380281690141	0.0257181533388377	"7189, 55294, 25897, 5707"	59	184	16792	6.18717759764186	0.99999053834486	0.978849415601679	30.8524451961452
"GOTERM_BP_DIRECT"	"GO:0002756~MyD88-independent toll-like receptor signaling pathway"	2	2.8169014084507	0.0439988549569136	"7189, 79931"	59	13	16792	43.7861799217731	0.999999997893628	0.993225398064349	47.1194633738765
"GOTERM_BP_DIRECT"	"GO:0007062~sister chromatid cohesion"	3	4.22535211267606	0.04932438259158	"55294, 25936, 23063"	59	103	16792	8.28961658713181	0.999999999823654	0.988798577938353	51.1411237735223
"GOTERM_BP_DIRECT"	"GO:0008156~negative regulation of DNA replication"	2	2.8169014084507	0.0636588664240141	"339221, 23063"	59	19	16792	29.9589652096343	0.999999999999793	0.992306506725606	60.5984043882321
"GOTERM_BP_DIRECT"	"GO:0048844~artery morphogenesis"	2	2.8169014084507	0.0701234824901669	"639, 4763"	59	21	16792	27.1057304277643	0.99999999999999	0.990062877434107	64.2801505788358
"GOTERM_BP_DIRECT"	"GO:0007422~peripheral nervous system development"	2	2.8169014084507	0.0797382451719921	"1959, 4763"	59	24	16792	23.7175141242938	1	0.990066981780608	69.1685612957922
"GOTERM_BP_DIRECT"	"GO:0032007~negative regulation of TOR signaling"	2	2.8169014084507	0.0924060913477052	"51256, 197131"	59	28	16792	20.3292978208232	1	0.99163143666984	74.6630190250626
