"Category"	"Term"	"Count"	"X."	"PValue"	"Genes"	"List.Total"	"Pop.Hits"	"Pop.Total"	"Fold.Enrichment"	"Bonferroni"	"Benjamini"	"FDR"
"GOTERM_BP_DIRECT"	"GO:0051301~cell division"	7	8.97435897435897	0.00127638807263084	"50855, 79187, 11078, 55743, 51550, 51529, 151242"	59	350	16792	5.69220338983051	0.314805261616356	0.314805261616356	1.68881266901917
"GOTERM_BP_DIRECT"	"GO:0007067~mitotic nuclear division"	4	5.12820512820513	0.0542626877733235	"79187, 11078, 55743, 51529"	59	248	16792	4.59048660470202	0.999999932690713	0.999740559665533	52.4791942261549
