"Category"	"Term"	"Count"	"X."	"PValue"	"Genes"	"List.Total"	"Pop.Hits"	"Pop.Total"	"Fold.Enrichment"	"Bonferroni"	"Benjamini"	"FDR"
"GOTERM_BP_DIRECT"	"GO:0042475~odontogenesis of dentin-containing tooth"	3	6.97674418604651	0.00617909221198912	"79641, 8626, 4487"	37	55	16792	24.7547911547912	0.895896070917643	0.895896070917643	8.17641820440862
"GOTERM_BP_DIRECT"	"GO:0008285~negative regulation of cell proliferation"	4	9.30232558139535	0.052397378008768	"7041, 7855, 2495, 4487"	37	396	16792	4.58422058422058	0.999999997058407	0.999945763543634	52.3208623347106
"GOTERM_BP_DIRECT"	"GO:0045909~positive regulation of vasodilation"	2	4.65116279069767	0.060390775643741	"8398, 1956"	37	29	16792	31.2991612301957	0.999999999866416	0.999488807206541	57.5675694737203
"GOTERM_BP_DIRECT"	"GO:0007271~synaptic transmission, cholinergic"	2	4.65116279069767	0.076416415907105	"353174, 57053"	37	37	16792	24.5317750182615	0.99999999999975	0.999292537025879	66.5126782140598
