"Category"	"Term"	"Count"	"X."	"PValue"	"Genes"	"List.Total"	"Pop.Hits"	"Pop.Total"	"Fold.Enrichment"	"Bonferroni"	"Benjamini"	"FDR"
"GOTERM_BP_DIRECT"	"GO:0009409~response to cold"	3	15	0.000343428636252747	"841, 7352, 7067"	14	36	16792	99.9523809523809	0.0567207356821936	0.0567207356821936	0.418172381099369
"GOTERM_BP_DIRECT"	"GO:0007399~nervous system development"	3	15	0.0200528783793147	"1910, 647135, 29116"	14	287	16792	12.5375808860129	0.968051602999408	0.821258854763117	21.8959246298523
"GOTERM_BP_DIRECT"	"GO:0019233~sensory perception of pain"	2	10	0.0395315677265499	"1910, 4311"	14	52	16792	46.1318681318681	0.998947732323357	0.898287246826308	38.864046862621
