"Category"	"Term"	"Count"	"X."	"PValue"	"Genes"	"List.Total"	"Pop.Hits"	"Pop.Total"	"Fold.Enrichment"	"Bonferroni"	"Benjamini"	"FDR"
"GOTERM_BP_DIRECT"	"GO:2000650~negative regulation of sodium ion transmembrane transporter activity"	2	4.8780487804878	0.0156172906582531	"817, 5581"	34	8	16792	123.470588235294	0.983038276786633	0.983038276786633	18.5859178656512
"GOTERM_BP_DIRECT"	"GO:2000273~positive regulation of receptor activity"	2	4.8780487804878	0.025257716572417	"133522, 5581"	34	13	16792	75.9819004524887	0.998674255926151	0.963589231347738	28.4079003102017
"GOTERM_BP_DIRECT"	"GO:0006364~rRNA processing"	3	7.31707317073171	0.0659500737845689	"11224, 79707, 6206"	34	214	16792	6.92358438702584	0.999999978823537	0.997233369604849	58.9854450545264
