"Category"	"Term"	"Count"	"X."	"PValue"	"Genes"	"List.Total"	"Pop.Hits"	"Pop.Total"	"Fold.Enrichment"	"Bonferroni"	"Benjamini"	"FDR"
"GOTERM_BP_DIRECT"	"GO:0055114~oxidation-reduction process"	4	13.7931034482759	0.0457305392357144	"5831, 160428, 8284, 25974"	24	592	16792	4.72747747747748	0.999901100974785	0.999901100974785	44.3034832321726
"GOTERM_BP_DIRECT"	"GO:0051592~response to calcium ion"	2	6.89655172413793	0.0765442303474704	"85365, 857"	24	58	16792	24.1264367816092	0.999999846194624	0.999607819714802	63.0512682837701
