"Category"	"Term"	"Count"	"X."	"PValue"	"Genes"	"List.Total"	"Pop.Hits"	"Pop.Total"	"Fold.Enrichment"	"Bonferroni"	"Benjamini"	"FDR"
"GOTERM_BP_DIRECT"	"GO:0042273~ribosomal large subunit biogenesis"	2	10.5263157894737	0.0206506676816493	"90441, 55027"	15	25	16792	89.5573333333333	0.807658546132878	0.807658546132878	19.8512656811298
"GOTERM_BP_DIRECT"	"GO:0048208~COPII vesicle coating"	2	10.5263157894737	0.049692743698515	"6811, 5537"	15	61	16792	36.703825136612	0.982165555378503	0.866454335070369	41.7553903548753
