"Category"	"Term"	"Count"	"X."	"PValue"	"Genes"	"List.Total"	"Pop.Hits"	"Pop.Total"	"Fold.Enrichment"	"Bonferroni"	"Benjamini"	"FDR"
"GOTERM_BP_DIRECT"	"GO:0032781~positive regulation of ATPase activity"	2	7.40740740740741	0.0398613512296797	"482, 4635"	23	31	16792	47.1023842917251	0.999779642401451	0.999779642401451	40.1136999038649
"GOTERM_BP_DIRECT"	"GO:0003091~renal water homeostasis"	2	7.40740740740741	0.0411216012295626	"358, 2778"	23	32	16792	45.6304347826087	0.999832099584476	0.987042360727184	41.0969696142326
"GOTERM_BP_DIRECT"	"GO:0071320~cellular response to cAMP"	2	7.40740740740741	0.0659974896688674	"358, 9465"	23	52	16792	28.0802675585284	0.999999272144777	0.991004713485966	57.7087474031772
"GOTERM_BP_DIRECT"	"GO:0051216~cartilage development"	2	7.40740740740741	0.0745575919026441	"55553, 2778"	23	59	16792	24.7487103905674	0.999999891775601	0.981862338354725	62.342678614594
"GOTERM_BP_DIRECT"	"GO:0009611~response to wounding"	2	7.40740740740741	0.0794154019480122	"349565, 2186"	23	63	16792	23.1773636991028	0.999999963592836	0.967473497237117	64.7597233228413
