"Category"	"Term"	"Count"	"X."	"PValue"	"Genes"	"List.Total"	"Pop.Hits"	"Pop.Total"	"Fold.Enrichment"	"Bonferroni"	"Benjamini"	"FDR"
"GOTERM_BP_DIRECT"	"GO:0016477~cell migration"	4	11.7647058823529	0.00384507513172913	"5796, 7410, 100133941, 3728"	32	172	16792	12.203488372093	0.56151606213514	0.56151606213514	4.76489236590907
"GOTERM_BP_DIRECT"	"GO:0002768~immune response-regulating cell surface receptor signaling pathway"	2	5.88235294117647	0.00736470114433917	"958, 100133941"	32	4	16792	262.375	0.794411411749523	0.54658122199177	8.94225040731163
"GOTERM_BP_DIRECT"	"GO:0042127~regulation of cell proliferation"	3	8.82352941176471	0.0455570138516546	"958, 92304, 3728"	32	185	16792	8.50945945945946	0.999953602130592	0.964066514431095	44.6169298074787
"GOTERM_BP_DIRECT"	"GO:0007155~cell adhesion"	4	11.7647058823529	0.0518314228748246	"5796, 100133941, 8082, 3728"	32	459	16792	4.57298474945534	0.99998868877851	0.942006759491586	49.0579006256378
"GOTERM_BP_DIRECT"	"GO:0007165~signal transduction"	6	17.6470588235294	0.0594439893573368	"5368, 5796, 7410, 53335, 6242, 3728"	32	1161	16792	2.71188630490956	0.999997984801127	0.927412208627439	54.0049680374779
"GOTERM_BP_DIRECT"	"GO:0034260~negative regulation of GTPase activity"	2	5.88235294117647	0.0764737294580169	"10252, 6242"	32	43	16792	24.406976744186	0.999999959622417	0.94142799995168	63.5122068923599
