"Category"	"Term"	"Count"	"X."	"PValue"	"Genes"	"List.Total"	"Pop.Hits"	"Pop.Total"	"Fold.Enrichment"	"Bonferroni"	"Benjamini"	"FDR"
"GOTERM_BP_DIRECT"	"GO:0052695~cellular glucuronidation"	2	8	0.0217010959219381	"7364, 7367"	24	16	16792	87.4583333333333	0.984861972149356	0.984861972149356	23.8847234549865
"GOTERM_BP_DIRECT"	"GO:0009813~flavonoid biosynthetic process"	2	8	0.0270555660484831	"7364, 7367"	24	20	16792	69.9666666666667	0.994693413640227	0.927153679847414	28.9077741244233
"GOTERM_BP_DIRECT"	"GO:0052696~flavonoid glucuronidation"	2	8	0.0297222777779459	"7364, 7367"	24	22	16792	63.6060606060606	0.996858424794127	0.853541082378428	31.2940103337584
"GOTERM_BP_DIRECT"	"GO:0035025~positive regulation of Rho protein signal transduction"	2	8	0.035034742291338	"9290, 5159"	24	26	16792	53.8205128205128	0.998899144316124	0.817848564881748	35.8296710142491
"GOTERM_BP_DIRECT"	"GO:0035338~long-chain fatty-acyl-CoA biosynthetic process"	2	8	0.0560077009882502	"11332, 79071"	24	42	16792	33.3174603174603	0.999983443283423	0.889389885246085	51.177267938816
"GOTERM_BP_DIRECT"	"GO:0008202~steroid metabolic process"	2	8	0.0573039292176125	"7364, 7367"	24	43	16792	32.5426356589147	0.999987265141865	0.847185105752814	52.0046901780082
