"Category"	"Term"	"Count"	"X."	"PValue"	"Genes"	"List.Total"	"Pop.Hits"	"Pop.Total"	"Fold.Enrichment"	"Bonferroni"	"Benjamini"	"FDR"
"GOTERM_BP_DIRECT"	"GO:0007062~sister chromatid cohesion"	2	15.3846153846154	0.05968859167442	"83540, 401541"	11	103	16792	29.6416593115622	0.987344157239053	0.987344157239053	47.206266921356
