"Category"	"Term"	"Count"	"X."	"PValue"	"Genes"	"List.Total"	"Pop.Hits"	"Pop.Total"	"Fold.Enrichment"	"Bonferroni"	"Benjamini"	"FDR"
"GOTERM_BP_DIRECT"	"GO:0006351~transcription, DNA-templated"	5	33.3333333333333	0.0420784462768333	"23741, 6095, 3609, 134728, 22807"	13	1955	16792	3.30356088923864	0.961886762914274	0.961886762914274	36.3886078812366
