"Category"	"Term"	"Count"	"X."	"PValue"	"Genes"	"List.Total"	"Pop.Hits"	"Pop.Total"	"Fold.Enrichment"	"Bonferroni"	"Benjamini"	"FDR"
"GOTERM_BP_DIRECT"	"GO:0007155~cell adhesion"	3	17.6470588235294	0.0476565745874297	"728577, 79937, 3689"	14	459	16792	7.83940242763772	0.983455205097942	0.983455205097942	40.7929311708264
