"Category"	"Term"	"Count"	"X."	"PValue"	"Genes"	"List.Total"	"Pop.Hits"	"Pop.Total"	"Fold.Enrichment"	"Bonferroni"	"Benjamini"	"FDR"
"GOTERM_BP_DIRECT"	"GO:0045987~positive regulation of smooth muscle contraction"	3	16.6666666666667	8.13736345273341e-05	"3673, 6915, 8877"	12	21	16792	199.904761904762	0.0105232420735647	0.0105232420735647	0.0947225359427262
"GOTERM_BP_DIRECT"	"GO:0010634~positive regulation of epithelial cell migration"	2	11.1111111111111	0.0214125830876092	"3673, 7429"	12	33	16792	84.8080808080808	0.940027586670034	0.755107343250218	22.2808453156912
"GOTERM_BP_DIRECT"	"GO:0045766~positive regulation of angiogenesis"	2	11.1111111111111	0.0728271157582077	"6915, 8877"	12	115	16792	24.336231884058	0.999946186176483	0.962245856977381	58.5456057008305
