"Category"	"Term"	"Count"	"X."	"PValue"	"Genes"	"List.Total"	"Pop.Hits"	"Pop.Total"	"Fold.Enrichment"	"Bonferroni"	"Benjamini"	"FDR"
"GOTERM_BP_DIRECT"	"GO:0032868~response to insulin"	2	20	0.0237059315200237	"4878, 51083"	7	67	16792	71.6076759061834	0.842344143896652	0.842344143896652	22.3628264873551
"GOTERM_BP_DIRECT"	"GO:0007218~neuropeptide signaling pathway"	2	20	0.0355554987036038	"4878, 51083"	7	101	16792	47.5021216407355	0.938433057987719	0.751873133231645	31.7479631365152
