"Category"	"Term"	"Count"	"X."	"PValue"	"Genes"	"List.Total"	"Pop.Hits"	"Pop.Total"	"Fold.Enrichment"	"Bonferroni"	"Benjamini"	"FDR"
"GOTERM_BP_DIRECT"	"GO:0000733~DNA strand renaturation"	2	2.08333333333333	0.0405302042982411	"7157, 641"	78	9	16792	47.8404558404558	0.999999784416696	0.999999784416696	43.4909597877318
"GOTERM_BP_DIRECT"	"GO:0001682~tRNA 5'-leader removal"	2	2.08333333333333	0.0493143176696329	"10557, 10940"	78	11	16792	39.1421911421911	0.999999992892618	0.999915694706971	50.2245799204515
"GOTERM_BP_DIRECT"	"GO:0030307~positive regulation of cell growth"	3	3.125	0.0568450729868972	"29104, 57521, 5716"	78	84	16792	7.68864468864469	0.999999999628202	0.999280933574263	55.3966571211429
"GOTERM_BP_DIRECT"	"GO:0006974~cellular response to DNA damage stimulus"	4	4.16666666666667	0.0704286963994774	"7517, 11257, 7157, 641"	78	208	16792	4.14003944773176	0.99999999999829	0.998856539418116	63.4865410525027
"GOTERM_BP_DIRECT"	"GO:0043153~entrainment of circadian clock by photoperiod"	2	2.08333333333333	0.0878706037734386	"150094, 7157"	78	20	16792	21.5282051282051	0.999999999999998	0.998913102044177	71.8829363334004
"GOTERM_BP_DIRECT"	"GO:0010165~response to X-ray"	2	2.08333333333333	0.0962267719398244	"7157, 641"	78	22	16792	19.5710955710956	1	0.998081283959937	75.2354327493216
