"Category"	"Term"	"Count"	"X."	"PValue"	"Genes"	"List.Total"	"Pop.Hits"	"Pop.Total"	"Fold.Enrichment"	"Bonferroni"	"Benjamini"	"FDR"
"GOTERM_BP_DIRECT"	"GO:0006661~phosphatidylinositol biosynthetic process"	5	41.6666666666667	4.15222985822022e-08	"PIK3C3, SYNJ1, PIKFYVE, IMPA1, PIK3C2A"	12	58	16792	120.632183908046	4.44287617273886e-06	4.44287617273886e-06	4.66735669779617e-05
"GOTERM_BP_DIRECT"	"GO:0036092~phosphatidylinositol-3-phosphate biosynthetic process"	4	33.3333333333333	3.79004902335315e-06	"PIK3C3, SYNJ1, PIKFYVE, PIK3C2A"	12	49	16792	114.231292517007	0.000405453795390254	0.000202747450959495	0.0042601618333804
"GOTERM_BP_DIRECT"	"GO:0046854~phosphatidylinositol phosphorylation"	4	33.3333333333333	2.71338525751278e-05	"PIK3C3, PIKFYVE, IMPA1, PIK3C2A"	12	94	16792	59.5460992907801	0.00289915093710191	0.000967319050136584	0.030495855529078
"GOTERM_BP_DIRECT"	"GO:0046855~inositol phosphate dephosphorylation"	2	16.6666666666667	0.00718438939898719	"SYNJ1, IMPA1"	12	11	16792	254.424242424242	0.537682960288888	0.175415864176803	7.7850920306081
"GOTERM_BP_DIRECT"	"GO:0043647~inositol phosphate metabolic process"	2	16.6666666666667	0.0303701091939147	"SYNJ1, IMPA1"	12	47	16792	59.5460992907801	0.963115706528453	0.483145509576345	29.2961151300251
"GOTERM_BP_DIRECT"	"GO:0048015~phosphatidylinositol-mediated signaling"	2	16.6666666666667	0.0673065858544173	"PIK3C3, PIK3C2A"	12	106	16792	26.4025157232704	0.999421819569318	0.711368385906789	54.3072776588829
