"Category"	"Term"	"Count"	"X."	"PValue"	"Genes"	"List.Total"	"Pop.Hits"	"Pop.Total"	"Fold.Enrichment"	"Bonferroni"	"Benjamini"	"FDR"
"GOTERM_BP_DIRECT"	"GO:0007165~signal transduction"	4	36.3636363636364	0.027394902003244	"PNOC, GNG12, P2RX5, SMAD1"	11	1161	16792	5.25941586406703	0.971432164999094	0.971432164999094	27.5725724410272
"GOTERM_BP_DIRECT"	"GO:0030509~BMP signaling pathway"	2	18.1818181818182	0.0443605371507423	"CHRDL1, SMAD1"	11	76	16792	40.1722488038278	0.996996402976097	0.945194917900776	40.9596982010247
"GOTERM_BP_DIRECT"	"GO:0002250~adaptive immune response"	2	18.1818181818182	0.0847442572277728	"BTLA, CD79A"	11	148	16792	20.6289926289926	0.999988048148031	0.977136376046878	64.2414521707074
