"Category"	"Term"	"Count"	"X."	"PValue"	"Genes"	"List.Total"	"Pop.Hits"	"Pop.Total"	"Fold.Enrichment"	"Bonferroni"	"Benjamini"	"FDR"
"GOTERM_BP_DIRECT"	"GO:0007399~nervous system development"	3	30	0.00968096181471468	"MEF2C, ZNF423, CRIM1"	10	287	16792	17.5526132404181	0.85710217220378	0.85710217220378	11.4791441249387
"GOTERM_BP_DIRECT"	"GO:0042127~regulation of cell proliferation"	2	20	0.0949168800905466	"PF4, JUP"	10	185	16792	18.1535135135135	0.999999997823829	0.999953350550416	71.3493325922075
