"Category"	"Term"	"Count"	"X."	"PValue"	"Genes"	"List.Total"	"Pop.Hits"	"Pop.Total"	"Fold.Enrichment"	"Bonferroni"	"Benjamini"	"FDR"
"GOTERM_BP_DIRECT"	"GO:0032715~negative regulation of interleukin-6 production"	2	11.1111111111111	0.0279849859596739	"IRAK3, BPI"	18	28	16792	66.6349206349206	0.992200290617728	0.992200290617728	29.2928343461019
"GOTERM_BP_DIRECT"	"GO:0032720~negative regulation of tumor necrosis factor production"	2	11.1111111111111	0.0377997376967279	"IRAK3, BPI"	18	38	16792	49.0994152046784	0.998624706045518	0.96291504409491	37.5346184674499
