"Category"	"Term"	"Count"	"X."	"PValue"	"Genes"	"List.Total"	"Pop.Hits"	"Pop.Total"	"Fold.Enrichment"	"Bonferroni"	"Benjamini"	"FDR"
"GOTERM_BP_DIRECT"	"GO:0045730~respiratory burst"	3	30	1.98572937483373e-05	"NCF2, SLC11A1, NCF1C"	10	13	16792	387.507692307692	0.00212249584039537	0.00212249584039537	0.0223185307650975
"GOTERM_BP_DIRECT"	"GO:0006801~superoxide metabolic process"	2	20	0.0106709928988585	"NCF2, NCF1C"	10	20	16792	167.92	0.682707741461508	0.436712987422493	11.3605345088778
"GOTERM_BP_DIRECT"	"GO:0006955~immune response"	3	30	0.0200897091648083	"SLC11A1, IGSF6, SECTM1"	10	421	16792	11.9657957244656	0.885991800469303	0.515107616564119	20.3971006900128
"GOTERM_BP_DIRECT"	"GO:0007165~signal transduction"	4	40	0.0201980968380517	"FPR1, CAMK1, PILRA, SECTM1"	10	1161	16792	5.78535745047373	0.887333236171379	0.420639402958229	20.4960166129496
"GOTERM_BP_DIRECT"	"GO:0033138~positive regulation of peptidyl-serine phosphorylation"	2	20	0.0369069634082036	"CAMK1, PAK1"	10	70	16792	47.9771428571429	0.982114463131669	0.552801440269378	34.4728674338768
"GOTERM_BP_DIRECT"	"GO:0045454~cell redox homeostasis"	2	20	0.040530204297524	"NCF2, SLC11A1"	10	77	16792	43.6155844155844	0.988050495025214	0.521856430838944	37.19112401843
"GOTERM_BP_DIRECT"	"GO:0042060~wound healing"	2	20	0.042079309094588	"SLC11A1, PAK1"	10	80	16792	41.98	0.989947773118727	0.481666954529502	38.3216302018079
"GOTERM_BP_DIRECT"	"GO:0038096~Fc-gamma receptor signaling pathway involved in phagocytosis"	2	20	0.0660600912523005	"PAK1, FCGR2A"	10	127	16792	26.444094488189	0.999332999857025	0.599118752812662	53.6161438051517
