"Category"	"Term"	"Count"	"X."	"PValue"	"Genes"	"List.Total"	"Pop.Hits"	"Pop.Total"	"Fold.Enrichment"	"Bonferroni"	"Benjamini"	"FDR"
"GOTERM_BP_DIRECT"	"GO:0036151~phosphatidylcholine acyl-chain remodeling"	3	30	8.90106799086278e-05	"PLA2G4A, LPCAT2, MBOAT2"	10	27	16792	186.577777777778	0.00824419039139046	0.00824419039139046	0.0974011716178502
"GOTERM_BP_DIRECT"	"GO:0006663~platelet activating factor biosynthetic process"	2	20	0.00214234630078689	"PLA2G4A, LPCAT2"	10	4	16792	839.6	0.180820402081451	0.0949145908155689	2.32049859382099
"GOTERM_BP_DIRECT"	"GO:0036152~phosphatidylethanolamine acyl-chain remodeling"	2	20	0.0127930038377147	"PLA2G4A, MBOAT2"	10	24	16792	139.933333333333	0.698029251422103	0.329104376953448	13.1471395504449
