"Category"	"Term"	"Count"	"X."	"PValue"	"Genes"	"List.Total"	"Pop.Hits"	"Pop.Total"	"Fold.Enrichment"	"Bonferroni"	"Benjamini"	"FDR"
"GOTERM_BP_DIRECT"	"GO:0006955~immune response"	6	42.8571428571429	6.62520157258472e-06	"CD4, TNFSF13B, HLA-DMB, IL1R2, TNFRSF1B, LTBR"	13	421	16792	18.4089164991778	0.000695406562229328	0.000695406562229328	0.00742079797414474
"GOTERM_BP_DIRECT"	"GO:0042102~positive regulation of T cell proliferation"	3	21.4285714285714	0.000809778202148199	"CD4, TNFSF13B, HLA-DMB"	13	60	16792	64.5846153846154	0.0815438866117112	0.0416388397956181	0.903315004078031
"GOTERM_BP_DIRECT"	"GO:0006954~inflammatory response"	4	28.5714285714286	0.00215650079073157	"NFAM1, S1PR3, TNFRSF1B, LTBR"	13	379	16792	13.6326364927948	0.20282183898059	0.0727750038209359	2.38915391644783
"GOTERM_BP_DIRECT"	"GO:0033209~tumor necrosis factor-mediated signaling pathway"	3	21.4285714285714	0.00308625495834777	"TNFSF13B, TNFRSF1B, LTBR"	13	118	16792	32.8396349413299	0.27715311950362	0.0779349139755242	3.40308151783272
"GOTERM_BP_DIRECT"	"GO:0001816~cytokine production"	2	14.2857142857143	0.0177258415319536	"CD4, S1PR3"	13	25	16792	103.335384615385	0.847090144459878	0.313110155314034	18.1541237902754
"GOTERM_BP_DIRECT"	"GO:0007165~signal transduction"	4	28.5714285714286	0.0453002085146664	"CD4, TNFSF13B, NFAM1, LTBR"	13	1161	16792	4.45027496190287	0.992308396122823	0.555706985553055	40.5045901154717
"GOTERM_BP_DIRECT"	"GO:0031295~T cell costimulation"	2	14.2857142857143	0.0543559432031924	"CD4, TNFSF13B"	13	78	16792	33.120315581854	0.997172463426376	0.567570352562938	46.5287840494476
