"Category"	"Term"	"Count"	"X."	"PValue"	"Genes"	"List.Total"	"Pop.Hits"	"Pop.Total"	"Fold.Enrichment"	"Bonferroni"	"Benjamini"	"FDR"
"GOTERM_BP_DIRECT"	"GO:0006955~immune response"	3	27.2727272727273	0.0158863154892045	"CD86, CXCL2, IL1RN"	9	421	16792	13.2953285827395	0.892032597204054	0.892032597204054	17.1973392946946
"GOTERM_BP_DIRECT"	"GO:0060326~cell chemotaxis"	2	18.1818181818182	0.0305570968122216	"CXCL2, PRKCD"	9	65	16792	57.408547008547	0.986615850866226	0.884310116545249	30.6293539413978
"GOTERM_BP_DIRECT"	"GO:0050821~protein stabilization"	2	18.1818181818182	0.0629983018592405	"ATP1B1, PRKCD"	9	136	16792	27.437908496732	0.999881991704554	0.950950169331251	53.5502031187164
