"Category"	"Term"	"Count"	"X."	"PValue"	"Genes"	"List.Total"	"Pop.Hits"	"Pop.Total"	"Fold.Enrichment"	"Bonferroni"	"Benjamini"	"FDR"
"GOTERM_BP_DIRECT"	"GO:0045086~positive regulation of interleukin-2 biosynthetic process"	2	18.1818181818182	0.00712522632142003	"CD4, CD3E"	11	12	16792	254.424242424242	0.59960098545605	0.59960098545605	7.96891816862449
"GOTERM_BP_DIRECT"	"GO:0050850~positive regulation of calcium-mediated signaling"	2	18.1818181818182	0.0118499585274593	"CD4, CD3E"	11	20	16792	152.654545454545	0.782564560522309	0.533700268627902	12.9283963401446
"GOTERM_BP_DIRECT"	"GO:0045944~positive regulation of transcription from RNA polymerase II promoter"	4	36.3636363636364	0.0175022081824304	"BCL11B, SLC40A1, TCF4, APBB1"	11	981	16792	6.22444629784079	0.895661973183665	0.529224117190991	18.5400513802838
"GOTERM_BP_DIRECT"	"GO:0042102~positive regulation of T cell proliferation"	2	18.1818181818182	0.0351714895349354	"CD4, CD3E"	11	60	16792	50.8848484848485	0.989776104046989	0.682016851433289	34.0197150256282
"GOTERM_BP_DIRECT"	"GO:0031295~T cell costimulation"	2	18.1818181818182	0.0455036122726551	"CD4, CD3E"	11	78	16792	39.1421911421911	0.99742303208274	0.696455895491332	41.7746486852976
"GOTERM_BP_DIRECT"	"GO:0050731~positive regulation of peptidyl-tyrosine phosphorylation"	2	18.1818181818182	0.0477860716137201	"CD4, CD3E"	11	82	16792	37.2328159645233	0.998103207556839	0.64816694842897	43.3712406030594
"GOTERM_BP_DIRECT"	"GO:0007169~transmembrane receptor protein tyrosine kinase signaling pathway"	2	18.1818181818182	0.0557360482995651	"CD4, CD3E"	11	96	16792	31.8030303030303	0.999351430496855	0.649599096230564	48.625037151952
"GOTERM_BP_DIRECT"	"GO:0002250~adaptive immune response"	2	18.1818181818182	0.0847442572277728	"CD4, SH2D1A"	11	148	16792	20.6289926289926	0.999988048148031	0.757518058493642	64.2414521707074
"GOTERM_BP_DIRECT"	"GO:0050852~T cell receptor signaling pathway"	2	18.1818181818182	0.0847442572277728	"CD4, CD3E"	11	148	16792	20.6289926289926	0.999988048148031	0.757518058493642	64.2414521707074
