"Category"	"Term"	"Count"	"X."	"PValue"	"Genes"	"List.Total"	"Pop.Hits"	"Pop.Total"	"Fold.Enrichment"	"Bonferroni"	"Benjamini"	"FDR"
"GOTERM_BP_DIRECT"	"GO:1901409~positive regulation of phosphorylation of RNA polymerase II C-terminal domain"	2	18.1818181818182	0.00475524431552861	"CCNC, CCNT2"	11	8	16792	381.636363636364	0.408044911298697	0.408044911298697	5.24296364792902
"GOTERM_BP_DIRECT"	"GO:0006511~ubiquitin-dependent protein catabolic process"	3	27.2727272727273	0.00496521256214084	"RNF6, PSMC6, USP1"	11	182	16792	25.1628371628372	0.421625571816846	0.239490678437697	5.46858210208383
"GOTERM_BP_DIRECT"	"GO:0043161~proteasome-mediated ubiquitin-dependent protein catabolic process"	3	27.2727272727273	0.00613953450464391	"RNF139, RNF6, PSMC6"	11	203	16792	22.5597850425437	0.492079573234924	0.202130446191454	6.72143104664525
"GOTERM_BP_DIRECT"	"GO:0045737~positive regulation of cyclin-dependent protein serine/threonine kinase activity"	2	18.1818181818182	0.0142047280769656	"CCNC, CCNT2"	11	24	16792	127.212121212121	0.792728116269887	0.325262110173987	14.9252001939277
"GOTERM_BP_DIRECT"	"GO:0045944~positive regulation of transcription from RNA polymerase II promoter"	4	36.3636363636364	0.0175022081824304	"ARID4A, SP3, CCNC, CCNT2"	11	981	16792	6.22444629784079	0.856624770533312	0.321898312424949	18.0855891541556
