"Category"	"Term"	"Count"	"X."	"PValue"	"Genes"	"List.Total"	"Pop.Hits"	"Pop.Total"	"Fold.Enrichment"	"Bonferroni"	"Benjamini"	"FDR"
"GOTERM_BP_DIRECT"	"GO:0006661~phosphatidylinositol biosynthetic process"	5	38.4615384615385	4.15222985822022e-08	"PIK3C3, SYNJ1, PIKFYVE, IMPA1, PIK3C2A"	12	58	16792	120.632183908046	2.82351237723688e-06	2.82351237723688e-06	4.27169920769188e-05
"GOTERM_BP_DIRECT"	"GO:0036092~phosphatidylinositol-3-phosphate biosynthetic process"	4	30.7692307692308	3.79004902335315e-06	"PIK3C3, SYNJ1, PIKFYVE, PIK3C2A"	12	49	16792	114.231292517007	0.000257690614053119	0.000128853608652779	0.00389902970949763
"GOTERM_BP_DIRECT"	"GO:0046854~phosphatidylinositol phosphorylation"	4	30.7692307692308	2.71338525751278e-05	"PIK3C3, PIKFYVE, IMPA1, PIK3C2A"	12	94	16792	59.5460992907801	0.00184342580755781	0.000614853236207358	0.0279110451135711
"GOTERM_BP_DIRECT"	"GO:0046855~inositol phosphate dephosphorylation"	2	15.3846153846154	0.00718438939898719	"SYNJ1, IMPA1"	12	11	16792	254.424242424242	0.387558502491492	0.115360855850481	7.14934150162324
"GOTERM_BP_DIRECT"	"GO:0043647~inositol phosphate metabolic process"	2	15.3846153846154	0.0303701091939147	"SYNJ1, IMPA1"	12	47	16792	59.5460992907801	0.877197371560372	0.342582088302195	27.187464267396
"GOTERM_BP_DIRECT"	"GO:0048015~phosphatidylinositol-mediated signaling"	2	15.3846153846154	0.0673065858544173	"PIK3C3, PIK3C2A"	12	106	16792	26.4025157232704	0.991245206806052	0.546015545401935	51.1705064833722
