"Category"	"Term"	"Count"	"X."	"PValue"	"Genes"	"List.Total"	"Pop.Hits"	"Pop.Total"	"Fold.Enrichment"	"Bonferroni"	"Benjamini"	"FDR"
"GOTERM_BP_DIRECT"	"GO:0030220~platelet formation"	2	14.2857142857143	0.0146151248129066	"TAL1, ACTN1"	14	19	16792	126.255639097744	0.872701035220237	0.872701035220237	15.9464851057233
"GOTERM_BP_DIRECT"	"GO:0045648~positive regulation of erythrocyte differentiation"	2	14.2857142857143	0.0184283021935364	"TAL1, INHBA"	14	24	16792	99.9523809523809	0.926025187868833	0.728016889989163	19.705101414839
"GOTERM_BP_DIRECT"	"GO:0030218~erythrocyte differentiation"	2	14.2857142857143	0.0305391298439588	"TAL1, INHBA"	14	40	16792	59.9714285714286	0.98699112204432	0.764813017651116	30.646123031249
"GOTERM_BP_DIRECT"	"GO:0006357~regulation of transcription from RNA polymerase II promoter"	3	21.4285714285714	0.0443334464166972	"TAL1, FHL2, INHBA"	14	441	16792	8.15937803692906	0.99825057971819	0.795485766277476	41.4354331406615
"GOTERM_BP_DIRECT"	"GO:0030097~hemopoiesis"	2	14.2857142857143	0.0447415354233872	"TAL1, GFI1B"	14	59	16792	40.6585956416465	0.998352121245707	0.722421994480282	41.7298263347927
"GOTERM_BP_DIRECT"	"GO:0045893~positive regulation of transcription, DNA-templated"	3	21.4285714285714	0.0585675821197817	"TAL1, FHL2, INHBA"	14	515	16792	6.9869625520111	0.999785966940329	0.755424203442217	50.9388181593013
