"Category"	"Term"	"Count"	"X."	"PValue"	"Genes"	"List.Total"	"Pop.Hits"	"Pop.Total"	"Fold.Enrichment"	"Bonferroni"	"Benjamini"	"FDR"
"GOTERM_BP_DIRECT"	"GO:0010594~regulation of endothelial cell migration"	2	13.3333333333333	0.00428073923839996	"PTK2, EMP2"	13	6	16792	430.564102564103	0.532014153822497	0.532014153822497	5.1328575766399
"GOTERM_BP_DIRECT"	"GO:0048870~cell motility"	2	13.3333333333333	0.0170223747197608	"PTK2, ENG"	13	24	16792	107.641025641026	0.952112414087039	0.781167676261112	19.0132167601088
"GOTERM_BP_DIRECT"	"GO:0001570~vasculogenesis"	2	13.3333333333333	0.0393057638560964	"PTK2, ENG"	13	56	16792	46.1318681318681	0.999172862407301	0.906130194097474	38.8923628660739
"GOTERM_BP_DIRECT"	"GO:0007155~cell adhesion"	3	20	0.041052552379663	"EMP2, CD72, ENG"	13	459	16792	8.44243338360985	0.999400649410552	0.843533908460695	40.2431963497529
"GOTERM_BP_DIRECT"	"GO:0043087~regulation of GTPase activity"	2	13.3333333333333	0.0454889953883002	"PTK2, RASAL2"	13	65	16792	39.7443786982249	0.999736229429726	0.807582189896794	43.5516549848443
"GOTERM_BP_DIRECT"	"GO:0043547~positive regulation of GTPase activity"	3	20	0.0596731662816713	"RGL1, PTK2, RASAL2"	13	565	16792	6.85854322668482	0.999981363994349	0.837173355825733	53.0336927607427
"GOTERM_BP_DIRECT"	"GO:0007179~transforming growth factor beta receptor signaling pathway"	2	13.3333333333333	0.0638204741800228	"PTK2, ENG"	13	92	16792	28.0802675585284	0.999991477488689	0.811289802361965	55.5156716542924
"GOTERM_BP_DIRECT"	"GO:0001764~neuron migration"	2	13.3333333333333	0.0725311362970501	"PTK2, NAV1"	13	105	16792	24.603663003663	0.999998370767918	0.810984304274362	60.3410785045428
"GOTERM_BP_DIRECT"	"GO:0001934~positive regulation of protein phosphorylation"	2	13.3333333333333	0.0871031790780206	"PTK2, ENG"	13	127	16792	20.3416111447608	0.99999990122661	0.833418540723308	67.3514833283486
