"Category"	"Term"	"Count"	"X."	"PValue"	"Genes"	"List.Total"	"Pop.Hits"	"Pop.Total"	"Fold.Enrichment"	"Bonferroni"	"Benjamini"	"FDR"
"GOTERM_BP_DIRECT"	"GO:0042359~vitamin D metabolic process"	2	14.2857142857143	0.00712522632156753	"LRP2, CUBN"	13	10	16792	258.338461538462	0.632525913755787	0.632525913755787	8.09102777724306
"GOTERM_BP_DIRECT"	"GO:0042953~lipoprotein transport"	2	14.2857142857143	0.010670359979028	"LRP2, CUBN"	13	15	16792	172.225641025641	0.777288376007114	0.528076675726992	11.8892956236557
"GOTERM_BP_DIRECT"	"GO:0006486~protein glycosylation"	2	14.2857142857143	0.0778545509184552	"LRP2, GALNT14"	13	113	16792	22.8618107556161	0.999988198972542	0.977232958092903	61.5701912337746
