"Category"	"Term"	"Count"	"X."	"PValue"	"Genes"	"List.Total"	"Pop.Hits"	"Pop.Total"	"Fold.Enrichment"	"Bonferroni"	"Benjamini"	"FDR"
"GOTERM_BP_DIRECT"	"GO:0006890~retrograde vesicle-mediated transport, Golgi to ER"	3	18.75	0.00237347693251428	"GBF1, NAPA, COPE"	16	82	16792	38.3963414634146	0.372338597790934	0.372338597790934	2.92495872620669
"GOTERM_BP_DIRECT"	"GO:0006888~ER to Golgi vesicle-mediated transport"	3	18.75	0.00873285921114886	"GBF1, NAPA, COPE"	16	160	16792	19.678125	0.820783007950111	0.576659720732967	10.3784447381888
"GOTERM_BP_DIRECT"	"GO:0000188~inactivation of MAPK activity"	2	12.5	0.0221099437182477	"GPS1, PPP2R1A"	16	25	16792	83.96	0.987501845713466	0.767931981605642	24.369272759122
"GOTERM_BP_DIRECT"	"GO:0006891~intra-Golgi vesicle-mediated transport"	2	12.5	0.0238588823032832	"NAPA, COPE"	16	27	16792	77.7407407407407	0.991200237816811	0.693720637946263	26.0418016022627
"GOTERM_BP_DIRECT"	"GO:0061025~membrane fusion"	2	12.5	0.0386074307001999	"NAPA, DNM2"	16	44	16792	47.7045454545455	0.999554806130242	0.786346586864134	38.8512064573122
"GOTERM_BP_DIRECT"	"GO:0045893~positive regulation of transcription, DNA-templated"	3	18.75	0.0757563518414385	"MAP2K2, NR1H2, DNM2"	16	515	16792	6.11359223300971	0.999999803143836	0.923729223212387	62.6244318213035
"GOTERM_BP_DIRECT"	"GO:0019886~antigen processing and presentation of exogenous peptide antigen via MHC class II"	2	12.5	0.0791355346604969	"DNM2, CTSD"	16	92	16792	22.8152173913043	0.999999903980364	0.90057856937441	64.2961337685476
"GOTERM_BP_DIRECT"	"GO:0007165~signal transduction"	4	25	0.0803846677713658	"GNAI2, DNM2, PKN1, GNB2"	16	1161	16792	3.61584840654608	0.999999926410497	0.871662970332204	64.896470657445
