"Category"	"Term"	"Count"	"X."	"PValue"	"Genes"	"List.Total"	"Pop.Hits"	"Pop.Total"	"Fold.Enrichment"	"Bonferroni"	"Benjamini"	"FDR"
"GOTERM_BP_DIRECT"	"GO:0006357~regulation of transcription from RNA polymerase II promoter"	3	20	0.0508427307650983	"ZMYM2, SMARCA5, ATF2"	15	441	16792	7.61541950113379	0.995826420320561	0.995826420320561	44.2609650663941
"GOTERM_BP_DIRECT"	"GO:0016569~covalent chromatin modification"	2	13.3333333333333	0.0902329370418803	"SMARCA5, TLK1"	15	113	16792	19.8135693215339	0.999951283955974	0.993020312039508	65.3289231071744
