"Category"	"Term"	"Count"	"X."	"PValue"	"Genes"	"List.Total"	"Pop.Hits"	"Pop.Total"	"Fold.Enrichment"	"Bonferroni"	"Benjamini"	"FDR"
"GOTERM_BP_DIRECT"	"GO:0070936~protein K48-linked ubiquitination"	2	18.1818181818182	0.0276469179861197	"UBE2Q2, RNF6"	11	47	16792	64.9593810444874	0.924175850272845	0.924175850272845	26.3828113288159
"GOTERM_BP_DIRECT"	"GO:0007173~epidermal growth factor receptor signaling pathway"	2	18.1818181818182	0.0328618379386076	"NRAS, PIK3C2A"	11	56	16792	54.5194805194805	0.953767873296702	0.78498342691016	30.5832037555107
"GOTERM_BP_DIRECT"	"GO:0048015~phosphatidylinositol-mediated signaling"	2	18.1818181818182	0.0613779757628331	"RPS6KB1, PIK3C2A"	11	106	16792	28.8027444253859	0.997054573950834	0.856654947579492	49.9428587675612
