"Category"	"Term"	"Count"	"X."	"PValue"	"Genes"	"List.Total"	"Pop.Hits"	"Pop.Total"	"Fold.Enrichment"	"Bonferroni"	"Benjamini"	"FDR"
"GOTERM_BP_DIRECT"	"GO:0030574~collagen catabolic process"	3	21.4285714285714	0.00108561717543601	"PRTN3, MMP9, MMP8"	14	64	16792	56.2232142857143	0.0960825510273056	0.0960825510273056	1.18208113042286
"GOTERM_BP_DIRECT"	"GO:0022617~extracellular matrix disassembly"	3	21.4285714285714	0.00152670772610514	"MMP9, MMP8, TIMP2"	14	76	16792	47.3458646616541	0.132458832420726	0.0685810998378477	1.65872707447466
"GOTERM_BP_DIRECT"	"GO:0006508~proteolysis"	4	28.5714285714286	0.00600603065409061	"PRTN3, MMP9, FCN1, MMP8"	14	500	16792	9.59542857142857	0.428930844806615	0.170347484114884	6.38215512695341
"GOTERM_BP_DIRECT"	"GO:0035987~endodermal cell differentiation"	2	14.2857142857143	0.0207096657799325	"MMP9, MMP8"	14	27	16792	88.8465608465608	0.857187401863935	0.385259777395481	20.4750435484271
"GOTERM_BP_DIRECT"	"GO:0007566~embryo implantation"	2	14.2857142857143	0.0320432460203429	"IGFBP7, MMP9"	14	42	16792	57.1156462585034	0.951626916985705	0.454341715214604	29.9902887196162
"GOTERM_BP_DIRECT"	"GO:0006952~defense response"	2	14.2857142857143	0.0506638345561599	"CRISP3, TFF3"	14	67	16792	35.8038379530917	0.992055576182444	0.553305710224074	43.4013474496983
"GOTERM_BP_DIRECT"	"GO:0006956~complement activation"	2	14.2857142857143	0.0653216231917913	"FCN1, CFP"	14	87	16792	27.5730706075534	0.998131108029677	0.592407378048394	52.2663270097289
"GOTERM_BP_DIRECT"	"GO:0010951~negative regulation of endopeptidase activity"	2	14.2857142857143	0.0897613175169444	"TIMP2, SLPI"	14	121	16792	19.8252656434475	0.999840983655281	0.664895530161007	64.2847937402851
