"Category"	"Term"	"Count"	"X."	"PValue"	"Genes"	"List.Total"	"Pop.Hits"	"Pop.Total"	"Fold.Enrichment"	"Bonferroni"	"Benjamini"	"FDR"
"GOTERM_BP_DIRECT"	"GO:0055085~transmembrane transport"	4	36.3636363636364	0.000337228256463414	"SLC6A13, SLC17A1, SLC17A3, SLC13A1"	11	244	16792	25.0253353204173	0.0547696426727852	0.0547696426727852	0.409404755286236
"GOTERM_BP_DIRECT"	"GO:0035725~sodium ion transmembrane transport"	3	27.2727272727273	0.000820145667092964	"SLC17A1, SLC17A3, SLC13A1"	11	73	16792	62.7347447073474	0.128047668677566	0.06621612172707	0.993001981313668
"GOTERM_BP_DIRECT"	"GO:0006817~phosphate ion transport"	2	18.1818181818182	0.00534821664384379	"SLC17A1, SLC17A3"	11	9	16792	339.232323232323	0.591616712426278	0.258081864744769	6.31440662742848
"GOTERM_BP_DIRECT"	"GO:0046415~urate metabolic process"	2	18.1818181818182	0.0059408709863821	"SLC17A1, SLC17A3"	11	10	16792	305.309090909091	0.630307693603789	0.220241525957716	6.99112131461607
"GOTERM_BP_DIRECT"	"GO:0044341~sodium-dependent phosphate transport"	2	18.1818181818182	0.0059408709863821	"SLC17A1, SLC17A3"	11	10	16792	305.309090909091	0.630307693603789	0.220241525957716	6.99112131461607
"GOTERM_BP_DIRECT"	"GO:0035435~phosphate ion transmembrane transport"	2	18.1818181818182	0.010670676426	"SLC17A1, SLC17A3"	11	18	16792	169.616161616162	0.833303207827285	0.301147620030058	12.2331675326636
"GOTERM_BP_DIRECT"	"GO:0006814~sodium ion transport"	2	18.1818181818182	0.0472159177719448	"SLC17A3, SLC13A1"	11	81	16792	37.692480359147	0.999689486616416	0.739776376096834	44.4726720287143
