"Category"	"Term"	"Count"	"X."	"PValue"	"Genes"	"List.Total"	"Pop.Hits"	"Pop.Total"	"Fold.Enrichment"	"Bonferroni"	"Benjamini"	"FDR"
"GOTERM_BP_DIRECT"	"GO:0006936~muscle contraction"	7	46.6666666666667	9.61443740740301e-11	"TPM2, TPM1, ACTA2, MYLK, CALD1, MYH11, ACTG2"	14	107	16792	78.4672897196262	1.13450421279637e-08	1.13450421279637e-08	1.10031361799656e-07
"GOTERM_BP_DIRECT"	"GO:0090131~mesenchyme migration"	2	13.3333333333333	0.00386536171619854	"ACTA2, ACTG2"	14	5	16792	479.771428571429	0.366817431749106	0.204272302699664	4.33545109943593
"GOTERM_BP_DIRECT"	"GO:0007010~cytoskeleton organization"	3	20	0.00664844533100269	"SVIL, PALLD, TPM1"	14	161	16792	22.3496007098492	0.544853563668489	0.230780328206168	7.35001659788929
"GOTERM_BP_DIRECT"	"GO:0006939~smooth muscle contraction"	2	13.3333333333333	0.0138508504036246	"MYLK, MYH11"	14	18	16792	133.269841269841	0.807146583887966	0.337315467420296	14.7534431404337
"GOTERM_BP_DIRECT"	"GO:0008016~regulation of heart contraction"	2	13.3333333333333	0.0237438705917308	"TPM1, PLN"	14	31	16792	77.3824884792627	0.941315246411411	0.432840700981799	24.0436952043761
"GOTERM_BP_DIRECT"	"GO:0030049~muscle filament sliding"	2	13.3333333333333	0.029032856458306	"TPM2, TPM1"	14	38	16792	63.1278195488722	0.969087436252447	0.439783575349406	28.6220964155194
"GOTERM_BP_DIRECT"	"GO:0007015~actin filament organization"	2	13.3333333333333	0.0543480411775235	"TPM2, TPM1"	14	72	16792	33.3174603174603	0.998631337002508	0.61014823594204	47.2454398216093
"GOTERM_BP_DIRECT"	"GO:0006928~movement of cell or subcellular component"	2	13.3333333333333	0.0645937241357477	"TPM1, CALD1"	14	86	16792	27.8936877076412	0.999621528688274	0.626531376759268	53.4289433696357
