"Category"	"Term"	"Count"	"X."	"PValue"	"Genes"	"List.Total"	"Pop.Hits"	"Pop.Total"	"Fold.Enrichment"	"Bonferroni"	"Benjamini"	"FDR"
"GOTERM_BP_DIRECT"	"GO:0006888~ER to Golgi vesicle-mediated transport"	3	27.2727272727273	0.00386138122946859	"SEC23A, SPAST, SEC24B"	11	160	16792	28.6227272727273	0.471842727743097	0.471842727743097	4.58758007131118
"GOTERM_BP_DIRECT"	"GO:0016032~viral process"	3	27.2727272727273	0.0129394684828575	"MORC3, RB1, NUP160"	11	299	16792	15.3165095773791	0.883392954834326	0.658522262562148	14.6225770825034
"GOTERM_BP_DIRECT"	"GO:0002474~antigen processing and presentation of peptide antigen via MHC class I"	2	18.1818181818182	0.0177274138591311	"SEC23A, SEC24B"	11	30	16792	101.769696969697	0.947726220182153	0.626094975316435	19.5159585638051
"GOTERM_BP_DIRECT"	"GO:0048208~COPII vesicle coating"	2	18.1818181818182	0.0357481262247958	"SEC23A, SEC24B"	11	61	16792	50.0506706408346	0.997537188947492	0.777229451847818	35.7165699189063
"GOTERM_BP_DIRECT"	"GO:0019886~antigen processing and presentation of exogenous peptide antigen via MHC class II"	2	18.1818181818182	0.0534707446000519	"SEC23A, SEC24B"	11	92	16792	33.1857707509881	0.99988462362681	0.836911485634607	48.6775673115645
"GOTERM_BP_DIRECT"	"GO:0016192~vesicle-mediated transport"	2	18.1818181818182	0.0869420788320976	"SEC23A, SEC24B"	11	152	16792	20.0861244019139	0.999999696454216	0.918020732372222	66.847532341514
