"Category"	"Term"	"Count"	"X."	"PValue"	"Genes"	"List.Total"	"Pop.Hits"	"Pop.Total"	"Fold.Enrichment"	"Bonferroni"	"Benjamini"	"FDR"
"GOTERM_BP_DIRECT"	"GO:0045944~positive regulation of transcription from RNA polymerase II promoter"	5	50	0.00115088453717876	"RORA, BCL11B, GREM1, SMAD1, INHBA"	10	981	16792	8.55861365953109	0.213901666773072	0.213901666773072	1.4432280443896
"GOTERM_BP_DIRECT"	"GO:0021773~striatal medium spiny neuron differentiation"	2	20	0.0016071425532897	"BCL11B, INHBA"	10	3	16792	1119.46666666667	0.285493366100122	0.154715057569415	2.01005505100619
"GOTERM_BP_DIRECT"	"GO:0008285~negative regulation of cell proliferation"	3	30	0.0178963111728792	"BCL11B, SMAD1, INHBA"	10	396	16792	12.7212121212121	0.97704461739605	0.715797313719209	20.3854933807037
"GOTERM_BP_DIRECT"	"GO:0007165~signal transduction"	4	40	0.0201980968380517	"BCL11B, GREM1, PRKCH, SMAD1"	10	1161	16792	5.78535745047373	0.985942753944519	0.655669842140388	22.7092931628351
"GOTERM_BP_DIRECT"	"GO:0060395~SMAD protein signal transduction"	2	20	0.0327512284039263	"SMAD1, INHBA"	10	62	16792	54.1677419354839	0.999050530431558	0.751402813081289	34.3204401573546
"GOTERM_BP_DIRECT"	"GO:0030308~negative regulation of cell growth"	2	20	0.0630287326737874	"GREM1, INHBA"	10	121	16792	27.7553719008264	0.999998767488138	0.896454351764279	56.0392622835343
"GOTERM_BP_DIRECT"	"GO:0051092~positive regulation of NF-kappaB transcription factor activity"	2	20	0.0690827291141899	"GREM1, PRKCH"	10	133	16792	25.2511278195489	0.999999682007177	0.882029368936711	59.4934437841881
