"Category"	"Term"	"Count"	"X."	"PValue"	"Genes"	"List.Total"	"Pop.Hits"	"Pop.Total"	"Fold.Enrichment"	"Bonferroni"	"Benjamini"	"FDR"
"GOTERM_BP_DIRECT"	"GO:0006955~immune response"	3	21.4285714285714	0.0247004686166163	"CCL4, TRGC2, CD7"	11	421	16792	10.8779961131505	0.918002321974981	0.918002321974981	24.2401569168747
"GOTERM_BP_DIRECT"	"GO:0007165~signal transduction"	4	28.5714285714286	0.027394902003244	"CCL4, KLRC3, TRGC2, RASGRP1"	11	1161	16792	5.25941586406703	0.937819506696806	0.750639832164008	26.5311079131842
"GOTERM_BP_DIRECT"	"GO:0006968~cellular defense response"	2	14.2857142857143	0.0363244527294328	"CX3CR1, KLRC3"	11	62	16792	49.2434017595308	0.975277982224782	0.708686034691058	33.6802608738717
"GOTERM_BP_DIRECT"	"GO:0070098~chemokine-mediated signaling pathway"	2	14.2857142857143	0.0414974573256339	"CCL4, CX3CR1"	11	71	16792	43.0012804097311	0.985567986403985	0.653397466932716	37.5262880929706
"GOTERM_BP_DIRECT"	"GO:0014066~regulation of phosphatidylinositol 3-kinase signaling"	2	14.2857142857143	0.0455036122726551	"PPP1R16B, RASGRP1"	11	78	16792	39.1421911421911	0.990506444024772	0.606009470110667	40.3640943519766
"GOTERM_BP_DIRECT"	"GO:0007169~transmembrane receptor protein tyrosine kinase signaling pathway"	2	14.2857142857143	0.0557360482995651	"MATK, CD7"	11	96	16792	31.8030303030303	0.996768969675835	0.615505464128124	47.0881287024393
"GOTERM_BP_DIRECT"	"GO:0007186~G-protein coupled receptor signaling pathway"	3	21.4285714285714	0.0968612623580033	"CCL4, CX3CR1, GPR18"	11	899	16792	5.09414500960663	0.999962377551709	0.766696632357866	67.7222302246931
"GOTERM_BP_DIRECT"	"GO:0070374~positive regulation of ERK1 and ERK2 cascade"	2	14.2857142857143	0.0994876331993889	"CCL4, RASGRP1"	11	175	16792	17.4462337662338	0.999971883054482	0.730150872987114	68.7489088114811
