"Category"	"Term"	"Count"	"X."	"PValue"	"Genes"	"List.Total"	"Pop.Hits"	"Pop.Total"	"Fold.Enrichment"	"Bonferroni"	"Benjamini"	"FDR"
"GOTERM_BP_DIRECT"	"GO:0016338~calcium-independent cell-cell adhesion via plasma membrane cell-adhesion molecules"	3	27.2727272727273	5.33431682112376e-05	"CLDN7, CLDN4, CLDN3"	10	21	16792	239.885714285714	0.0044709211863988	0.0044709211863988	0.0572428920769918
"GOTERM_BP_DIRECT"	"GO:0016337~single organismal cell-cell adhesion"	3	27.2727272727273	0.00125454806852688	"PKP3, DSP, CDH1"	10	101	16792	49.8772277227723	0.100078909308298	0.0513582917182579	1.33842085690535
"GOTERM_BP_DIRECT"	"GO:2000147~positive regulation of cell motility"	2	18.1818181818182	0.00748037405078885	"EPCAM, CLDN7"	10	14	16792	239.885714285714	0.467787992269958	0.189608476769671	7.74327705450673
"GOTERM_BP_DIRECT"	"GO:0022408~negative regulation of cell-cell adhesion"	2	18.1818181818182	0.00801277818930241	"EPB41L5, CDH1"	10	15	16792	223.893333333333	0.491242832378325	0.155445587681378	8.27308971299707
"GOTERM_BP_DIRECT"	"GO:0034332~adherens junction organization"	2	18.1818181818182	0.019661626547547	"DSP, CDH1"	10	37	16792	90.7675675675676	0.811381530081294	0.283663891133039	19.1962887159067
"GOTERM_BP_DIRECT"	"GO:0090002~establishment of protein localization to plasma membrane"	2	18.1818181818182	0.0222920720597475	"PKP3, CDH1"	10	42	16792	79.9619047619048	0.849489261015985	0.27066355694232	21.4933680580944
