"Category"	"Term"	"Count"	"X."	"PValue"	"Genes"	"List.Total"	"Pop.Hits"	"Pop.Total"	"Fold.Enrichment"	"Bonferroni"	"Benjamini"	"FDR"
"GOTERM_BP_DIRECT"	"GO:0002933~lipid hydroxylation"	2	22.2222222222222	0.00249895752708076	"CYP3A5, CYP3A7"	8	6	16792	699.666666666667	0.0723145459139911	0.0723145459139911	2.10883429372234
"GOTERM_BP_DIRECT"	"GO:0046135~pyrimidine nucleoside catabolic process"	2	22.2222222222222	0.00457733141656667	"DPYS, UPB1"	8	11	16792	381.636363636364	0.128583459788236	0.0665030582740167	3.83274446722041
"GOTERM_BP_DIRECT"	"GO:0008202~steroid metabolic process"	2	22.2222222222222	0.0177912375412273	"CYP3A5, CYP3A7"	8	43	16792	97.6279069767442	0.416401553807021	0.164323783367356	14.1799974528267
"GOTERM_BP_DIRECT"	"GO:0006805~xenobiotic metabolic process"	2	22.2222222222222	0.0320715157057136	"CYP3A5, CYP3A7"	8	78	16792	53.8205128205128	0.623904518956039	0.216886828143622	24.2458104032075
