"Category"	"Term"	"Count"	"X."	"PValue"	"Genes"	"List.Total"	"Pop.Hits"	"Pop.Total"	"Fold.Enrichment"	"Bonferroni"	"Benjamini"	"FDR"
"GOTERM_BP_DIRECT"	"GO:0045669~positive regulation of osteoblast differentiation"	2	12.5	0.0522981873654448	"FAM20C, JAG1"	16	60	16792	34.9833333333333	0.999946182543914	0.999946182543914	48.493604573727
"GOTERM_BP_DIRECT"	"GO:0030216~keratinocyte differentiation"	2	12.5	0.0658068046102799	"JAG1, ADAM9"	16	76	16792	27.6184210526316	0.999996110300739	0.998027767949444	56.8630387242405
"GOTERM_BP_DIRECT"	"GO:0046718~viral entry into host cell"	2	12.5	0.0691557641390269	"CLEC5A, CTSB"	16	80	16792	26.2375	0.999997983986103	0.987367251777603	58.7346888835048
"GOTERM_BP_DIRECT"	"GO:0007229~integrin-mediated signaling pathway"	2	12.5	0.0849108577229232	"DAB2, ADAM9"	16	99	16792	21.2020202020202	0.999999911324706	0.982743581716871	66.5792596303093
