"Category"	"Term"	"Count"	"X."	"PValue"	"Genes"	"List.Total"	"Pop.Hits"	"Pop.Total"	"Fold.Enrichment"	"Bonferroni"	"Benjamini"	"FDR"
"GOTERM_BP_DIRECT"	"GO:0007062~sister chromatid cohesion"	3	21.4285714285714	0.00278099675896894	"SMC1A, NUP37, XPO1"	14	103	16792	34.9348127600555	0.249369458923169	0.249369458923169	3.06041306818003
"GOTERM_BP_DIRECT"	"GO:0016925~protein sumoylation"	3	21.4285714285714	0.00357070347402782	"SMC1A, NUP37, PCNA"	14	117	16792	30.7545787545788	0.308187729890955	0.168247470632614	3.91378187440957
"GOTERM_BP_DIRECT"	"GO:0006298~mismatch repair"	2	14.2857142857143	0.0267693954023167	"PCNA, PMS1"	14	35	16792	68.5387755102041	0.938874416272234	0.60608032479164	26.1288403768549
"GOTERM_BP_DIRECT"	"GO:0051301~cell division"	3	21.4285714285714	0.0290345112568494	"SMC1A, NUP37, CETN3"	14	350	16792	10.2808163265306	0.951917086301632	0.531728534800655	28.0252288350026
"GOTERM_BP_DIRECT"	"GO:1903507~negative regulation of nucleic acid-templated transcription"	2	14.2857142857143	0.0357941172330738	"CASP8AP2, NIF3L1"	14	47	16792	51.0395136778115	0.976585385294031	0.528048464785203	33.4240562995535
"GOTERM_BP_DIRECT"	"GO:0075733~intracellular transport of virus"	2	14.2857142857143	0.0387851491708858	"NUP37, XPO1"	14	51	16792	47.0364145658263	0.982997662912754	0.492910322047928	35.6930949500785
"GOTERM_BP_DIRECT"	"GO:0006338~chromatin remodeling"	2	14.2857142857143	0.0645937241357477	"ACTR6, ACTL6A"	14	86	16792	27.8936877076412	0.998969545607415	0.625639666943578	52.5396122853333
"GOTERM_BP_DIRECT"	"GO:0006406~mRNA export from nucleus"	2	14.2857142857143	0.0747368535100026	"NUP37, UPF3B"	14	100	16792	23.9885714285714	0.999664785931993	0.63215464225657	57.977361527385
