"Category"	"Term"	"Count"	"X."	"PValue"	"Genes"	"List.Total"	"Pop.Hits"	"Pop.Total"	"Fold.Enrichment"	"Bonferroni"	"Benjamini"	"FDR"
"GOTERM_BP_DIRECT"	"GO:0009952~anterior/posterior pattern specification"	7	63.6363636363636	1.9980466337539e-12	"HOXA5, HOXB6, HOXB7, HOXB5, HOXA11, HOXB3, HOXA3"	11	80	16792	133.572727272727	2.09797179628879e-10	2.09797179628879e-10	2.23808749311161e-09
"GOTERM_BP_DIRECT"	"GO:0048704~embryonic skeletal system morphogenesis"	6	54.5454545454545	1.29389560476209e-11	"HOXA5, HOXB6, HOXB7, HOXB5, HOXB3, HOXA3"	11	39	16792	234.853146853147	1.3585932379101e-09	6.7929661895505e-10	1.44932732482062e-08
"GOTERM_BP_DIRECT"	"GO:0007275~multicellular organism development"	7	63.6363636363636	1.63761768065053e-07	"PDGFD, HOXA4, HOXA5, HOXB7, HOXA11, HOXB3, HOXA3"	11	521	16792	20.5102076426453	1.71948392186927e-05	5.73164592454489e-06	0.000183433369516095
"GOTERM_BP_DIRECT"	"GO:0006355~regulation of transcription, DNA-templated"	7	63.6363636363636	7.82114288301724e-05	"HOXA4, HOXB6, HOXB7, PRDM16, HOXA11, HOXB3, HOXA3"	11	1504	16792	7.10493230174081	0.00817889056277388	0.00205102406665814	0.0875715755275563
"GOTERM_BP_DIRECT"	"GO:0030878~thyroid gland development"	3	27.2727272727273	9.50629252540132e-05	"HOXA5, HOXB3, HOXA3"	11	25	16792	183.185454545455	0.00993242600485644	0.00199442481087164	0.106430668955437
"GOTERM_BP_DIRECT"	"GO:0006351~transcription, DNA-templated"	7	63.6363636363636	0.000342048857336258	"HOXA4, HOXB6, HOXB7, PRDM16, HOXA11, HOXB3, HOXA3"	11	1955	16792	5.46589165310393	0.0352837610492081	0.00596899331532497	0.382469465616642
"GOTERM_BP_DIRECT"	"GO:0009653~anatomical structure morphogenesis"	3	27.2727272727273	0.00129850117427261	"HOXA4, HOXB5, HOXA11"	11	92	16792	49.7786561264822	0.127533674033277	0.0193014688694856	1.44488760431389
"GOTERM_BP_DIRECT"	"GO:0021615~glossopharyngeal nerve morphogenesis"	2	18.1818181818182	0.00238017211345729	"HOXB3, HOXA3"	11	4	16792	763.272727272727	0.221367395372995	0.0307929306777066	2.633956307501
"GOTERM_BP_DIRECT"	"GO:0051216~cartilage development"	2	18.1818181818182	0.0345945425092853	"HOXB3, HOXA3"	11	59	16792	51.7473035439137	0.975195886728414	0.336846990136792	32.5890881599061
