"Category"	"Term"	"Count"	"X."	"PValue"	"Genes"	"List.Total"	"Pop.Hits"	"Pop.Total"	"Fold.Enrichment"	"Bonferroni"	"Benjamini"	"FDR"
"GOTERM_BP_DIRECT"	"GO:0016569~covalent chromatin modification"	3	13.6363636363636	0.00867075305225239	"SMARCA5, ANP32E, BMI1"	22	113	16792	20.2638777152051	0.570326897720612	0.570326897720612	9.16310687250465
"GOTERM_BP_DIRECT"	"GO:0045814~negative regulation of gene expression, epigenetic"	2	9.09090909090909	0.0607376402152493	"EED, BMI1"	22	50	16792	30.5309090909091	0.997707385098743	0.952118741649189	49.9175120522609
"GOTERM_BP_DIRECT"	"GO:0006351~transcription, DNA-templated"	6	27.2727272727273	0.0886926293234774	"MDFIC, EED, BZW1, BMI1, ZBTB11, MORF4L2"	22	1955	16792	2.3425249941874	0.999877681079794	0.950360064003453	64.1180802903434
