"Category"	"Term"	"Count"	"X."	"PValue"	"Genes"	"List.Total"	"Pop.Hits"	"Pop.Total"	"Fold.Enrichment"	"Bonferroni"	"Benjamini"	"FDR"
"GOTERM_BP_DIRECT"	"GO:0006968~cellular defense response"	3	27.2727272727273	0.00047489695139374	"CX3CR1, CCR2, FOSL1"	10	62	16792	81.2516129032258	0.0572000953757339	0.0572000953757339	0.547012999704755
"GOTERM_BP_DIRECT"	"GO:0006935~chemotaxis"	3	27.2727272727273	0.00182294357109502	"CX3CR1, CCR2, FOSL1"	10	122	16792	41.2918032786885	0.202482329492756	0.106961551495545	2.08491271044101
"GOTERM_BP_DIRECT"	"GO:0006351~transcription, DNA-templated"	5	45.4545454545455	0.0142361990423531	"ZNF573, ZNF623, ZFP3, ZNF485, NR4A3"	10	1955	16792	4.29462915601023	0.8310199682575	0.447144294637545	15.2592013724175
"GOTERM_BP_DIRECT"	"GO:0045787~positive regulation of cell cycle"	2	18.1818181818182	0.0180803414613532	"FOSL1, NR4A3"	10	34	16792	98.7764705882353	0.895907746813559	0.431991804002394	18.997658000202
"GOTERM_BP_DIRECT"	"GO:0042542~response to hydrogen peroxide"	2	18.1818181818182	0.0270110681170878	"FOSL1, NR4A3"	10	51	16792	65.8509803921569	0.966474164941541	0.492920654846424	27.1085305423565
"GOTERM_BP_DIRECT"	"GO:0016525~negative regulation of angiogenesis"	2	18.1818181818182	0.0327512284039263	"CX3CR1, CCR2"	10	62	16792	54.1677419354839	0.983903362334106	0.497515663948517	31.9225781762574
"GOTERM_BP_DIRECT"	"GO:0009611~response to wounding"	2	18.1818181818182	0.0332715654608162	"CX3CR1, CCR2"	10	63	16792	53.3079365079365	0.984942353350884	0.450864417240776	32.3442781641594
"GOTERM_BP_DIRECT"	"GO:0070098~chemokine-mediated signaling pathway"	2	18.1818181818182	0.0374253127263897	"CX3CR1, CCR2"	10	71	16792	47.3014084507042	0.991171840420658	0.446351953519221	35.6260472755316
"GOTERM_BP_DIRECT"	"GO:0006355~regulation of transcription, DNA-templated"	4	36.3636363636364	0.0399333003705945	"ZNF573, ZNF623, ZFP3, ZNF485"	10	1504	16792	4.46595744680851	0.993611860755176	0.429635209201658	37.5364626714878
