"Category"	"Term"	"Count"	"X."	"PValue"	"Genes"	"List.Total"	"Pop.Hits"	"Pop.Total"	"Fold.Enrichment"	"Bonferroni"	"Benjamini"	"FDR"
"GOTERM_BP_DIRECT"	"GO:0006355~regulation of transcription, DNA-templated"	8	27.5862068965517	0.00517691493737641	"PPARGC1B, ZNF573, ZNF623, ZNF780A, HIC1, ZFP3, ZNF559, ZNF234"	26	1504	16792	3.43535188216039	0.62114344078811	0.62114344078811	6.23132612205639
"GOTERM_BP_DIRECT"	"GO:0006351~transcription, DNA-templated"	8	27.5862068965517	0.0207734187995387	"ZNF573, ZNF623, ZNF780A, HIC1, ZFP3, ZNF559, ZNF234, NR4A3"	26	1955	16792	2.64284871139091	0.980268628913313	0.859531601110118	22.9116552344323
"GOTERM_BP_DIRECT"	"GO:0006968~cellular defense response"	2	6.89655172413793	0.0883899537437238	"CX3CR1, CCR2"	26	62	16792	20.833746898263	0.999999969499835	0.99687559448316	68.2461421878809
"GOTERM_BP_DIRECT"	"GO:0016525~negative regulation of angiogenesis"	2	6.89655172413793	0.0883899537437238	"CX3CR1, CCR2"	26	62	16792	20.833746898263	0.999999969499835	0.99687559448316	68.2461421878809
"GOTERM_BP_DIRECT"	"GO:0009611~response to wounding"	2	6.89655172413793	0.0897521923049081	"CX3CR1, CCR2"	26	63	16792	20.5030525030525	0.999999976940336	0.987677090874372	68.8293525205541
