"Category"	"Term"	"Count"	"X."	"PValue"	"Genes"	"List.Total"	"Pop.Hits"	"Pop.Total"	"Fold.Enrichment"	"Bonferroni"	"Benjamini"	"FDR"
"GOTERM_BP_DIRECT"	"GO:0006607~NLS-bearing protein import into nucleus"	2	20	0.0109074751206903	"RANBP6, NUP54"	9	23	16792	162.24154589372	0.487785227060196	0.487785227060196	10.4432615409699
"GOTERM_BP_DIRECT"	"GO:0016925~protein sumoylation"	2	20	0.0544113439401561	"BMI1, NUP54"	9	117	16792	31.8936372269706	0.967051362395489	0.818482404146289	43.0307556790601
