"Category"	"Term"	"Count"	"X."	"PValue"	"Genes"	"List.Total"	"Pop.Hits"	"Pop.Total"	"Fold.Enrichment"	"Bonferroni"	"Benjamini"	"FDR"
"GOTERM_BP_DIRECT"	"GO:0006260~DNA replication"	3	25	0.0044084657573988	"RRM1, POLD3, BLM"	12	155	16792	27.0838709677419	0.446802593450811	0.446802593450811	5.0414558065865
"GOTERM_BP_DIRECT"	"GO:0007052~mitotic spindle organization"	2	16.6666666666667	0.0194833534118535	"STIL, STMN1"	12	30	16792	93.2888888888889	0.928391241152381	0.732401870620106	20.5759179855034
"GOTERM_BP_DIRECT"	"GO:1900740~positive regulation of protein insertion into mitochondrial membrane involved in apoptotic signaling pathway"	2	16.6666666666667	0.0194833534118535	"TFDP1, YWHAH"	12	30	16792	93.2888888888889	0.928391241152381	0.732401870620106	20.5759179855034
"GOTERM_BP_DIRECT"	"GO:0000731~DNA synthesis involved in DNA repair"	2	16.6666666666667	0.0226968184060415	"POLD3, BLM"	12	35	16792	79.9619047619048	0.95387590161234	0.641373291736152	23.5706512485914
"GOTERM_BP_DIRECT"	"GO:0000278~mitotic cell cycle"	2	16.6666666666667	0.0265403370370369	"TFDP1, RRM1"	12	41	16792	68.260162601626	0.972797632599396	0.59388252671689	27.0167620076052
"GOTERM_BP_DIRECT"	"GO:0006325~chromatin organization"	2	16.6666666666667	0.027818452953058	"SUV39H1, TAF5"	12	43	16792	65.0852713178295	0.97718880448358	0.530506472524375	28.1308478327718
"GOTERM_BP_DIRECT"	"GO:1901796~regulation of signal transduction by p53 class mediator"	2	16.6666666666667	0.0783179246370861	"TAF5, BLM"	12	124	16792	22.5698924731183	0.999982057912751	0.838199884471308	61.5137824273947
