"Category"	"Term"	"Count"	"X."	"PValue"	"Genes"	"List.Total"	"Pop.Hits"	"Pop.Total"	"Fold.Enrichment"	"Bonferroni"	"Benjamini"	"FDR"
"GOTERM_BP_DIRECT"	"GO:2000310~regulation of N-methyl-D-aspartate selective glutamate receptor activity"	2	18.1818181818182	0.00889937822066263	"DLG4, MAPK8IP2"	11	15	16792	203.539393939394	0.851036299876414	0.851036299876414	10.7026575584018
"GOTERM_BP_DIRECT"	"GO:0000165~MAPK cascade"	3	27.2727272727273	0.0100480438723898	"DLG4, MAPK8IP2, INS"	11	262	16792	17.4795281054823	0.88363907542341	0.658882828669399	12.0043923484211
"GOTERM_BP_DIRECT"	"GO:0035176~social behavior"	2	18.1818181818182	0.0282276006271742	"DLG4, MAPK8IP2"	11	48	16792	63.6060606060606	0.997754819498486	0.869056557609677	30.4129592304635
"GOTERM_BP_DIRECT"	"GO:0007254~JNK cascade"	2	18.1818181818182	0.028807971147459	"MAP3K10, MAPK8IP2"	11	49	16792	62.3079777365492	0.998023083770053	0.789138609197975	30.9374022949464
"GOTERM_BP_DIRECT"	"GO:0043547~positive regulation of GTPase activity"	3	27.2727272727273	0.04252082664047	"DLG4, PSD, WNT11"	11	565	16792	8.10555108608206	0.999904380029646	0.842924040625048	42.318270430157
"GOTERM_BP_DIRECT"	"GO:0006461~protein complex assembly"	2	18.1818181818182	0.0669895458815819	"DLG4, CARD10"	11	116	16792	26.3197492163009	0.999999614675509	0.914695664910277	58.4406381819498
"GOTERM_BP_DIRECT"	"GO:0007204~positive regulation of cytosolic calcium ion concentration"	2	18.1818181818182	0.0770143349284747	"DLG4, TRPM4"	11	134	16792	22.7842605156038	0.999999961405481	0.912716483766997	63.7540823775569
