"Category"	"Term"	"Count"	"X."	"PValue"	"Genes"	"List.Total"	"Pop.Hits"	"Pop.Total"	"Fold.Enrichment"	"Bonferroni"	"Benjamini"	"FDR"
"GOTERM_BP_DIRECT"	"GO:0007616~long-term memory"	2	20	0.0132648416984744	"CPEB3, GRIN1"	9	28	16792	133.269841269841	0.711160848663975	0.711160848663975	13.600507532667
"GOTERM_BP_DIRECT"	"GO:0030154~cell differentiation"	3	30	0.0189481112309828	"ELAVL3, SOX15, PDLIM7"	9	462	16792	12.1154401154401	0.831207177266471	0.589155963005998	18.8949187296882
"GOTERM_BP_DIRECT"	"GO:0045944~positive regulation of transcription from RNA polymerase II promoter"	3	30	0.0754908603640048	"GRIN1, EVX1, SOX15"	9	981	16792	5.70574243968739	0.999324317875159	0.912249928984785	57.6538919253777
