"Category"	"Term"	"Count"	"X."	"PValue"	"Genes"	"List.Total"	"Pop.Hits"	"Pop.Total"	"Fold.Enrichment"	"Bonferroni"	"Benjamini"	"FDR"
"GOTERM_BP_DIRECT"	"GO:0007062~sister chromatid cohesion"	3	23.0769230769231	0.00236258214389642	"SMC1A, NUP37, XPO1"	13	103	16792	37.6221060492905	0.206900815059464	0.206900815059464	2.58151727311936
"GOTERM_BP_DIRECT"	"GO:0051301~cell division"	3	23.0769230769231	0.0249058520915816	"SMC1A, NUP37, CETN3"	13	350	16792	11.0716483516484	0.915557341068761	0.709409809299696	24.3364824180352
"GOTERM_BP_DIRECT"	"GO:0075733~intracellular transport of virus"	2	15.3846153846154	0.0358547912651293	"NUP37, XPO1"	13	51	16792	50.6546003016591	0.972077143503397	0.696620232066924	33.2177051358776
"GOTERM_BP_DIRECT"	"GO:0016925~protein sumoylation"	2	15.3846153846154	0.080505741546835	"SMC1A, NUP37"	13	117	16792	22.0802103879027	0.99973220397231	0.872076293979558	60.4671958365939
