"Category"	"Term"	"Count"	"X."	"PValue"	"Genes"	"List.Total"	"Pop.Hits"	"Pop.Total"	"Fold.Enrichment"	"Bonferroni"	"Benjamini"	"FDR"
"GOTERM_BP_DIRECT"	"GO:0006936~muscle contraction"	4	40	2.05495462233023e-05	"DES, MYH11, ACTG2, LMOD1"	10	107	16792	62.7738317757009	0.00291381213126385	0.00291381213126385	0.0243040303385955
"GOTERM_BP_DIRECT"	"GO:0008016~regulation of heart contraction"	2	20	0.016496789572441	"DES, PLN"	10	31	16792	108.335483870968	0.905776109560309	0.693040897773513	17.8610063112814
