"Category"	"Term"	"Count"	"X."	"PValue"	"Genes"	"List.Total"	"Pop.Hits"	"Pop.Total"	"Fold.Enrichment"	"Bonferroni"	"Benjamini"	"FDR"
"GOTERM_BP_DIRECT"	"GO:0072307~regulation of metanephric nephron tubule epithelial cell differentiation"	2	18.1818181818182	0.00356834509560499	"YAP1, WWTR1"	11	6	16792	508.848484848485	0.451492379815961	0.451492379815961	4.2590352820298
"GOTERM_BP_DIRECT"	"GO:0035329~hippo signaling"	2	18.1818181818182	0.0159674896680218	"YAP1, WWTR1"	11	27	16792	113.077441077441	0.933075202237055	0.741301724468551	17.79715767783
"GOTERM_BP_DIRECT"	"GO:2001237~negative regulation of extrinsic apoptotic signaling pathway"	2	18.1818181818182	0.0224067041633332	"YAP1, NRP1"	11	38	16792	80.3444976076555	0.977788389369917	0.718900536175008	24.1122311381775
"GOTERM_BP_DIRECT"	"GO:0035019~somatic stem cell population maintenance"	2	18.1818181818182	0.0380515726050266	"YAP1, LDB2"	11	65	16792	46.9706293706294	0.998522591649968	0.803946257373125	37.6458498061834
"GOTERM_BP_DIRECT"	"GO:0006469~negative regulation of protein kinase activity"	2	18.1818181818182	0.0574318227283301	"WWTR1, FLRT2"	11	99	16792	30.8393021120294	0.999951633363426	0.862940489160902	51.3316833567129
"GOTERM_BP_DIRECT"	"GO:0001764~neuron migration"	2	18.1818181818182	0.0608151515004628	"NRP1, NR2F2"	11	105	16792	29.0770562770563	0.99997356489459	0.827404219408127	53.4165154216878
"GOTERM_BP_DIRECT"	"GO:0006367~transcription initiation from RNA polymerase II promoter"	2	18.1818181818182	0.0869420788320976	"YAP1, WWTR1"	11	152	16792	20.0861244019139	0.999999768942968	0.887290665785495	66.959304852096
"GOTERM_BP_DIRECT"	"GO:0007411~axon guidance"	2	18.1818181818182	0.0907768399292107	"NRP1, FLRT2"	11	159	16792	19.201829616924	0.999999886068905	0.864456004381086	68.6097765862286
