"Category"	"Term"	"Count"	"X."	"PValue"	"Genes"	"List.Total"	"Pop.Hits"	"Pop.Total"	"Fold.Enrichment"	"Bonferroni"	"Benjamini"	"FDR"
"GOTERM_BP_DIRECT"	"GO:0007596~blood coagulation"	7	63.6363636363636	1.30407519155906e-10	"GP1BA, GP6, PRKAR2B, VWF, PROS1, GP9, GP5"	10	184	16792	63.8826086956522	1.12150512210363e-08	1.12150512210363e-08	1.40622491429099e-07
"GOTERM_BP_DIRECT"	"GO:0007597~blood coagulation, intrinsic pathway"	4	36.3636363636364	8.65255438349753e-08	"GP1BA, VWF, GP9, GP5"	10	18	16792	373.155555555556	7.44116940665229e-06	3.72059162467853e-06	9.33031133465434e-05
"GOTERM_BP_DIRECT"	"GO:0030168~platelet activation"	5	45.4545454545455	2.56154917396284e-07	"GP1BA, GP6, VWF, GP9, GP5"	10	115	16792	73.0086956521739	2.20290830730274e-05	7.34308161176589e-06	0.000276219372907782
"GOTERM_BP_DIRECT"	"GO:0002576~platelet degranulation"	3	27.2727272727273	0.00130425240075165	"VWF, PROS1, EGF"	10	103	16792	48.9087378640777	0.106169318752356	0.027669711327691	1.39747675807337
"GOTERM_BP_DIRECT"	"GO:0007155~cell adhesion"	4	36.3636363636364	0.00150729311326584	"GP1BA, VWF, GP9, GP5"	10	459	16792	14.6335511982571	0.121663058855935	0.0256113203158909	1.61342917756877
"GOTERM_BP_DIRECT"	"GO:0042730~fibrinolysis"	2	18.1818181818182	0.0112018753854743	"GP1BA, PROS1"	10	21	16792	159.92380952381	0.620460895808265	0.149104772024796	11.4386731710945
"GOTERM_BP_DIRECT"	"GO:0046854~phosphatidylinositol phosphorylation"	2	18.1818181818182	0.0492791090609423	"TTC7B, EGF"	10	94	16792	35.7276595744681	0.987041307293614	0.462515574351665	42.0118631859943
"GOTERM_BP_DIRECT"	"GO:0050900~leukocyte migration"	2	18.1818181818182	0.0635345656413739	"GP6, PROS1"	10	122	16792	27.527868852459	0.996465803755937	0.506216774086441	50.7295192460405
