"Category"	"Term"	"Count"	"X."	"PValue"	"Genes"	"List.Total"	"Pop.Hits"	"Pop.Total"	"Fold.Enrichment"	"Bonferroni"	"Benjamini"	"FDR"
"GOTERM_BP_DIRECT"	"GO:0055085~transmembrane transport"	3	17.6470588235294	0.0170555821237566	"ABCC13, ANKH, SLC14A1"	15	244	16792	13.7639344262295	0.936227461167862	0.936227461167862	18.7565982800583
"GOTERM_BP_DIRECT"	"GO:0090002~establishment of protein localization to plasma membrane"	2	11.7647058823529	0.0344661665548689	"TSPAN5, CDH1"	15	42	16792	53.3079365079365	0.996345739935805	0.939549523871232	34.525927552204
