"Category"	"Term"	"Count"	"X."	"PValue"	"Genes"	"List.Total"	"Pop.Hits"	"Pop.Total"	"Fold.Enrichment"	"Bonferroni"	"Benjamini"	"FDR"
"GOTERM_BP_DIRECT"	"GO:0048701~embryonic cranial skeleton morphogenesis"	3	25	0.000179541613456264	"TWIST1, PRRX1, PDGFRA"	12	31	16792	135.41935483871	0.0272730770153827	0.0272730770153827	0.21516580464378
"GOTERM_BP_DIRECT"	"GO:0030198~extracellular matrix organization"	3	25	0.00695604437714542	"FBLN1, LUM, CCDC80"	12	196	16792	21.4183673469388	0.658693359598013	0.415785450025432	8.03263010828914
"GOTERM_BP_DIRECT"	"GO:0010952~positive regulation of peptidase activity"	2	16.6666666666667	0.00848558927446212	"FBLN1, PCOLCE"	12	13	16792	215.282051282051	0.730815084306551	0.354320635932427	9.71759113161449
"GOTERM_BP_DIRECT"	"GO:0010628~positive regulation of gene expression"	3	25	0.0121554467882883	"FBLN1, TWIST1, SFRP4"	12	262	16792	16.0229007633588	0.847929184696107	0.375530159312778	13.6455917631867
"GOTERM_BP_DIRECT"	"GO:0048146~positive regulation of fibroblast proliferation"	2	16.6666666666667	0.0348208617376742	"FBLN1, PDGFRA"	12	54	16792	51.8271604938272	0.995737929237864	0.664321032116221	34.6333022955536
"GOTERM_BP_DIRECT"	"GO:0051216~cartilage development"	2	16.6666666666667	0.0379885910109578	"PRRX1, LUM"	12	59	16792	47.4350282485876	0.997431058119594	0.629922757181154	37.1609228922248
"GOTERM_BP_DIRECT"	"GO:0043433~negative regulation of sequence-specific DNA binding transcription factor activity"	2	16.6666666666667	0.0386210015474769	"TWIST1, SFRP4"	12	60	16792	46.6444444444444	0.997678476322771	0.579581446233109	37.6546834436437
"GOTERM_BP_DIRECT"	"GO:0060021~palate development"	2	16.6666666666667	0.0486883049460725	"TWIST1, PRRX1"	12	76	16792	36.8245614035088	0.999541101416423	0.61742675941479	45.0509051923005
