"Category"	"Term"	"Count"	"X."	"PValue"	"Genes"	"List.Total"	"Pop.Hits"	"Pop.Total"	"Fold.Enrichment"	"Bonferroni"	"Benjamini"	"FDR"
"GOTERM_BP_DIRECT"	"GO:0048661~positive regulation of smooth muscle cell proliferation"	2	20	0.0317098073840555	"NPY5R, SERPINF2"	10	60	16792	55.9733333333333	0.950052405394916	0.950052405394916	29.7258184871346
"GOTERM_BP_DIRECT"	"GO:0070374~positive regulation of ERK1 and ERK2 cascade"	2	20	0.0899988528412699	"NPY5R, SERPINF2"	10	175	16792	19.1908571428571	0.999844796896525	0.987541946240487	64.3866943503902
