"Category"	"Term"	"Count"	"X."	"PValue"	"Genes"	"List.Total"	"Pop.Hits"	"Pop.Total"	"Fold.Enrichment"	"Bonferroni"	"Benjamini"	"FDR"
"GOTERM_BP_DIRECT"	"GO:0030879~mammary gland development"	2	20	0.0112018753854743	"HOXB9, ARHGAP5"	10	21	16792	159.92380952381	0.800293744362274	0.800293744362274	12.4894655113725
"GOTERM_BP_DIRECT"	"GO:0045944~positive regulation of transcription from RNA polymerase II promoter"	4	40	0.0128004688400431	"HOXB9, HOXA7, APP, NKX2-1"	10	981	16792	6.84689092762487	0.841544805040291	0.601935689919695	14.1503703704562
"GOTERM_BP_DIRECT"	"GO:0030900~forebrain development"	2	20	0.0243919093624584	"APP, NKX2-1"	10	46	16792	73.0086956521739	0.970732796238967	0.691827597781048	25.3568678237888
"GOTERM_BP_DIRECT"	"GO:0009952~anterior/posterior pattern specification"	2	20	0.042079309094588	"HOXB9, HOXA7"	10	80	16792	41.98	0.99786141642211	0.784953906862186	39.8980865451255
"GOTERM_BP_DIRECT"	"GO:0007626~locomotory behavior"	2	20	0.0441413237150343	"APP, NKX2-1"	10	84	16792	39.9809523809524	0.998428562253767	0.725046383646986	41.4125035421784
"GOTERM_BP_DIRECT"	"GO:0030336~negative regulation of cell migration"	2	20	0.0497915349785371	"SCAI, NKX2-1"	10	95	16792	35.3515789473684	0.999326865278737	0.703960043234348	45.3849904565057
"GOTERM_BP_DIRECT"	"GO:0006351~transcription, DNA-templated"	4	40	0.0772883217462413	"HOXB9, SCAI, HACE1, NKX2-1"	10	1955	16792	3.43570332480818	0.999989897229907	0.806648013418727	61.4271867164259
