"Category"	"Term"	"Count"	"X."	"PValue"	"Genes"	"List.Total"	"Pop.Hits"	"Pop.Total"	"Fold.Enrichment"	"Bonferroni"	"Benjamini"	"FDR"
"GOTERM_BP_DIRECT"	"GO:0071310~cellular response to organic substance"	2	25	0.00706647950582966	"CD68, PSAP"	8	17	16792	246.941176470588	0.33721908517296	0.33721908517296	6.81248514761269
"GOTERM_BP_DIRECT"	"GO:0006027~glycosaminoglycan catabolic process"	2	25	0.0107901976275305	"FUCA1, GNS"	8	26	16792	161.461538461538	0.466999209350725	0.269930968572646	10.2317465739992
"GOTERM_BP_DIRECT"	"GO:0006687~glycosphingolipid metabolic process"	2	25	0.0186120901008984	"GM2A, PSAP"	8	45	16792	93.2888888888889	0.663673723497862	0.304569714890827	17.0492458506571
"GOTERM_BP_DIRECT"	"GO:0051603~proteolysis involved in cellular protein catabolic process"	2	25	0.019842266413417	"CTSZ, CTSB"	8	48	16792	87.4583333333333	0.687272327327371	0.252189466557536	18.0779886333247
"GOTERM_BP_DIRECT"	"GO:0006869~lipid transport"	2	25	0.0312603215584058	"GM2A, PSAP"	8	76	16792	55.2368421052632	0.841506622239436	0.308165485905728	27.0929451446765
