"Category"	"Term"	"Count"	"X."	"PValue"	"Genes"	"List.Total"	"Pop.Hits"	"Pop.Total"	"Fold.Enrichment"	"Bonferroni"	"Benjamini"	"FDR"
"GOTERM_BP_DIRECT"	"GO:0043484~regulation of RNA splicing"	2	11.7647058823529	0.0256049011263883	"CLK4, CLK1"	16	29	16792	72.3793103448276	0.942341944586032	0.942341944586032	25.4021609495506
"GOTERM_BP_DIRECT"	"GO:0006351~transcription, DNA-templated"	5	29.4117647058824	0.0876931691984015	"CREBZF, BDP1, ARID4B, ZNF700, CCNT2"	16	1955	16792	2.68414322250639	0.999958742593214	0.993576807119013	64.5462441983183
