"Category"	"Term"	"Count"	"X."	"PValue"	"Genes"	"List.Total"	"Pop.Hits"	"Pop.Total"	"Fold.Enrichment"	"Bonferroni"	"Benjamini"	"FDR"
"GOTERM_BP_DIRECT"	"GO:0045332~phospholipid translocation"	2	18.1818181818182	0.0130279753413167	"ATP11B, TMEM30A"	11	22	16792	138.776859504132	0.918299446176234	0.918299446176234	15.0515312295297
"GOTERM_BP_DIRECT"	"GO:0070527~platelet aggregation"	2	18.1818181818182	0.0241562592542712	"STXBP3, PIK3CG"	11	41	16792	74.4656319290466	0.990632285718765	0.903213046947253	26.2270987249171
"GOTERM_BP_DIRECT"	"GO:0006468~protein phosphorylation"	3	27.2727272727273	0.02866247701553	"CHUK, PIK3CG, TGFBR1"	11	456	16792	10.0430622009569	0.996130082587561	0.842999669866415	30.3546376483344
"GOTERM_BP_DIRECT"	"GO:0051897~positive regulation of protein kinase B signaling"	2	18.1818181818182	0.0489254581851449	"PIK3CG, TGFBR1"	11	84	16792	36.3463203463203	0.999930979145307	0.908852432434594	46.4201192448941
"GOTERM_BP_DIRECT"	"GO:0071356~cellular response to tumor necrosis factor"	2	18.1818181818182	0.0636262385439617	"CHUK, ZFAND6"	11	110	16792	27.7553719008264	0.99999647788115	0.918836493540994	55.858704093389
