"Category"	"Term"	"Count"	"X."	"PValue"	"Genes"	"List.Total"	"Pop.Hits"	"Pop.Total"	"Fold.Enrichment"	"Bonferroni"	"Benjamini"	"FDR"
"GOTERM_BP_DIRECT"	"GO:1902600~hydrogen ion transmembrane transport"	6	60	6.66679685958517e-11	"UQCR10, COX7C, UQCRB, COX7B, COX6A1, COX6C"	10	61	16792	165.167213114754	1.46669609790706e-09	1.46669609790706e-09	5.21766629901776e-08
"GOTERM_BP_DIRECT"	"GO:0006123~mitochondrial electron transport, cytochrome c to oxygen"	4	40	1.20816452908315e-07	"COX7C, COX7B, COX6A1, COX6C"	10	20	16792	335.84	2.6579585931108e-06	1.3289801796823e-06	9.45550500341952e-05
"GOTERM_BP_DIRECT"	"GO:0006120~mitochondrial electron transport, NADH to ubiquinone"	4	40	1.93742919009209e-06	"NDUFB10, NDUFB7, NDUFA7, NDUFS6"	10	49	16792	137.077551020408	4.26225751040121e-05	1.42077268932006e-05	0.00151628833373607
"GOTERM_BP_DIRECT"	"GO:0032981~mitochondrial respiratory chain complex I assembly"	4	40	4.16025834758614e-06	"NDUFB10, NDUFB7, NDUFA7, NDUFS6"	10	63	16792	106.615873015873	9.15216856678391e-05	2.28812067294415e-05	0.00325591426569849
"GOTERM_BP_DIRECT"	"GO:0009060~aerobic respiration"	3	30	0.000133673208527012	"UQCR10, UQCRB, COX6A1"	10	33	16792	152.654545454545	0.00293668663395308	0.000588028475231539	0.104569506578989
"GOTERM_BP_DIRECT"	"GO:0006091~generation of precursor metabolites and energy"	3	30	0.000346931863104096	"COX7C, COX6A1, COX6C"	10	53	16792	95.0490566037736	0.00760476163194101	0.00127149517639269	0.271199442641601
"GOTERM_BP_DIRECT"	"GO:0034551~mitochondrial respiratory chain complex III assembly"	2	20	0.00428061194326974	"UQCR10, UQCRB"	10	8	16792	419.8	0.0900590756086644	0.0133917503760393	3.30161088146967
"GOTERM_BP_DIRECT"	"GO:0006122~mitochondrial electron transport, ubiquinol to cytochrome c"	2	20	0.00801277818930241	"UQCR10, UQCRB"	10	15	16792	223.893333333333	0.162212814856084	0.0218809573009332	6.10221012136376
