"Category"	"Term"	"Count"	"X."	"PValue"	"Genes"	"List.Total"	"Pop.Hits"	"Pop.Total"	"Fold.Enrichment"	"Bonferroni"	"Benjamini"	"FDR"
"GOTERM_BP_DIRECT"	"GO:1902600~hydrogen ion transmembrane transport"	14	82.3529411764706	2.70232433495922e-30	"COX5A, COX8A, UQCR10, COX7C, COX6B1, UQCRQ, UQCRB, COX7B, COX7A2L, COX6A1, UQCRH, COX6C, UQCRFS1, UQCRC1"	17	61	16792	226.700096432015	7.56650813788583e-29	7.56650813788583e-29	2.26066625387768e-27
"GOTERM_BP_DIRECT"	"GO:0006123~mitochondrial electron transport, cytochrome c to oxygen"	9	52.9411764705882	1.02987760989753e-20	"COX8A, COX5A, COX7C, COX6B1, COX5B, COX7B, COX7A2L, COX6A1, COX6C"	17	20	16792	444.494117647059	2.88365730771309e-19	1.44182865385655e-19	8.61558151329265e-18
"GOTERM_BP_DIRECT"	"GO:0006122~mitochondrial electron transport, ubiquinol to cytochrome c"	8	47.0588235294118	9.8257908632065e-19	"CYC1, UQCR10, UQCRB, UQCRH, UQCRFS1, UQCRC2, UQCRQ, UQCRC1"	17	15	16792	526.807843137255	2.75122144169782e-17	9.17073813899273e-18	8.21989926773381e-16
"GOTERM_BP_DIRECT"	"GO:0009060~aerobic respiration"	6	35.2941176470588	9.18182372011343e-11	"UQCR10, UQCRB, COX6A1, UQCRH, UQCRC2, UQCRC1"	17	33	16792	179.593582887701	2.57091015143374e-09	6.42727537858434e-10	7.68117791594136e-08
"GOTERM_BP_DIRECT"	"GO:0006119~oxidative phosphorylation"	4	23.5294117647059	2.01814647334654e-07	"UQCRB, UQCRH, UQCRC2, UQCRC1"	17	13	16792	303.927601809955	5.65079472958363e-06	1.1301615004955e-06	0.000168830668378916
"GOTERM_BP_DIRECT"	"GO:0006091~generation of precursor metabolites and energy"	4	23.5294117647059	1.6150679982889e-05	"COX8A, COX7C, COX6A1, COX6C"	17	53	16792	74.5482796892342	0.000452120454111915	7.53676082826393e-05	0.0135102678549326
"GOTERM_BP_DIRECT"	"GO:0034551~mitochondrial respiratory chain complex III assembly"	2	11.7647058823529	0.00759888353830534	"UQCR10, UQCRB"	17	8	16792	246.941176470588	0.192313475360238	0.0300508277630629	6.18188782937352
"GOTERM_BP_DIRECT"	"GO:0042776~mitochondrial ATP synthesis coupled proton transport"	2	11.7647058823529	0.0198317167785741	"CYC1, COX5B"	17	21	16792	94.0728291316527	0.42928660219228	0.0677073539747909	15.428435945682
"GOTERM_BP_DIRECT"	"GO:0016485~protein processing"	2	11.7647058823529	0.0664701967377885	"UQCRC2, UQCRC1"	17	72	16792	27.437908496732	0.854256481401208	0.192643265520626	43.7524926399537
