"Category"	"Term"	"Count"	"X."	"PValue"	"Genes"	"List.Total"	"Pop.Hits"	"Pop.Total"	"Fold.Enrichment"	"Bonferroni"	"Benjamini"	"FDR"
"GOTERM_BP_DIRECT"	"GO:0030850~prostate gland development"	2	20	0.00428061194326974	"AR, SOX9"	10	8	16792	419.8	0.630362912102229	0.630362912102229	5.35839846241017
"GOTERM_BP_DIRECT"	"GO:0010628~positive regulation of gene expression"	3	30	0.00812153423843937	"AR, NOS1AP, TFAP2A"	10	262	16792	19.2274809160305	0.849213282118778	0.611687345195625	9.93973068698213
"GOTERM_BP_DIRECT"	"GO:0045944~positive regulation of transcription from RNA polymerase II promoter"	4	40	0.0128004688400431	"SPDEF, AR, TFAP2A, SOX9"	10	981	16792	6.84689092762487	0.949656178281549	0.630754344978436	15.2441168594385
"GOTERM_BP_DIRECT"	"GO:0045893~positive regulation of transcription, DNA-templated"	3	30	0.0292966918738722	"AR, TFAP2A, SOX9"	10	515	16792	9.78174757281553	0.998990583852682	0.821754915554225	31.7323693622645
"GOTERM_BP_DIRECT"	"GO:0050680~negative regulation of epithelial cell proliferation"	2	20	0.0296239747793651	"AR, SOX9"	10	56	16792	59.9714285714286	0.999066544844223	0.752247131339639	32.0272777736227
