"Category"	"Term"	"Count"	"X."	"PValue"	"Genes"	"List.Total"	"Pop.Hits"	"Pop.Total"	"Fold.Enrichment"	"Bonferroni"	"Benjamini"	"FDR"
"GOTERM_BP_DIRECT"	"GO:0006779~porphyrin-containing compound biosynthetic process"	5	41.6666666666667	4.43376502106904e-12	"ALAD, PPOX, CPOX, UROD, SPTA1"	11	8	16792	954.090909090909	2.57159626926295e-10	2.57159626926295e-10	4.41132685935486e-09
"GOTERM_BP_DIRECT"	"GO:0006782~protoporphyrinogen IX biosynthetic process"	5	41.6666666666667	7.97861316721381e-12	"ALAD, PPOX, CPOX, UROD, HMBS"	11	9	16792	848.080808080808	4.62759830455184e-10	2.31379915227592e-10	7.93820564837233e-09
"GOTERM_BP_DIRECT"	"GO:0006783~heme biosynthetic process"	5	41.6666666666667	3.77683698652576e-10	"ALAD, PPOX, CPOX, UROD, HMBS"	11	21	16792	363.463203463203	2.19056521810757e-08	7.30188409736598e-09	3.75770525806729e-07
"GOTERM_BP_DIRECT"	"GO:0033014~tetrapyrrole biosynthetic process"	2	16.6666666666667	0.00238017211345729	"ALAD, HMBS"	11	4	16792	763.272727272727	0.129088169454861	0.0339634738888176	2.34305231111752
"GOTERM_BP_DIRECT"	"GO:0055114~oxidation-reduction process"	4	33.3333333333333	0.00434599025931298	"RFESD, PPOX, CPOX, BLVRB"	11	592	16792	10.3144963144963	0.223234494219023	0.0492682746952319	4.24084911427073
"GOTERM_BP_DIRECT"	"GO:0051597~response to methylmercury"	2	16.6666666666667	0.00475524431552861	"ALAD, CPOX"	11	8	16792	381.636363636364	0.241537570999893	0.045031575550427	4.63174463852959
"GOTERM_BP_DIRECT"	"GO:0046685~response to arsenic-containing substance"	2	16.6666666666667	0.00771692761701585	"ALAD, CPOX"	11	13	16792	234.853146853147	0.361936656673792	0.0621715587833754	7.41806587654487
"GOTERM_BP_DIRECT"	"GO:0010039~response to iron ion"	2	16.6666666666667	0.010670676426	"ALAD, CPOX"	11	18	16792	169.616161616162	0.463251130822437	0.0748303183097822	10.1237751959545
"GOTERM_BP_DIRECT"	"GO:0030218~erythrocyte differentiation"	2	16.6666666666667	0.0235733875888207	"KLF1, TRIM10"	11	40	16792	76.3272727272727	0.749332956666592	0.142502176290629	21.12835928423
