"Category"	"Term"	"Count"	"X."	"PValue"	"Genes"	"List.Total"	"Pop.Hits"	"Pop.Total"	"Fold.Enrichment"	"Bonferroni"	"Benjamini"	"FDR"
"GOTERM_BP_DIRECT"	"GO:0030193~regulation of blood coagulation"	2	16.6666666666667	0.0100805605157852	"TC2N, LBH"	11	17	16792	179.593582887701	0.512932057362755	0.512932057362755	9.98184543226771
"GOTERM_BP_DIRECT"	"GO:0031295~T cell costimulation"	2	16.6666666666667	0.0455036122726551	"CD40LG, DPP4"	11	78	16792	39.1421911421911	0.963358391518798	0.808580020684356	38.3300177011578
"GOTERM_BP_DIRECT"	"GO:0010468~regulation of gene expression"	2	16.6666666666667	0.0579964714927483	"TC2N, LBH"	11	100	16792	30.5309090909091	0.985620969719392	0.756830072056218	46.2118404877102
