"Category"	"Term"	"Count"	"X."	"PValue"	"Genes"	"List.Total"	"Pop.Hits"	"Pop.Total"	"Fold.Enrichment"	"Bonferroni"	"Benjamini"	"FDR"
"GOTERM_BP_DIRECT"	"GO:0042391~regulation of membrane potential"	3	27.2727272727273	0.000865471115021774	"SLC1A6, KCNA5, GRIK3"	11	75	16792	61.0618181818182	0.142831326798191	0.142831326798191	1.05886801518033
"GOTERM_BP_DIRECT"	"GO:0034220~ion transmembrane transport"	3	27.2727272727273	0.0065567247771537	"ATP7B, GRIK3, SLC24A2"	11	210	16792	21.8077922077922	0.689924661839041	0.443155912161259	7.76929339548824
"GOTERM_BP_DIRECT"	"GO:0060314~regulation of ryanodine-sensitive calcium-release channel activity"	2	18.1818181818182	0.0112604757128614	"DMD, JPH2"	11	19	16792	160.688995215311	0.866777573166407	0.489268732191394	12.9969704624467
"GOTERM_BP_DIRECT"	"GO:0002027~regulation of heart rate"	2	18.1818181818182	0.0194845047094785	"DMD, CALCA"	11	33	16792	92.5179063360881	0.969877285047671	0.583395911220912	21.4878444534756
"GOTERM_BP_DIRECT"	"GO:0048812~neuron projection morphogenesis"	2	18.1818181818182	0.0282276006271742	"DMD, NTF3"	11	48	16792	63.6060606060606	0.993883659358544	0.639173577051475	29.6745498884707
"GOTERM_BP_DIRECT"	"GO:0006813~potassium ion transport"	2	18.1818181818182	0.0477860716137201	"KCNA5, SLC24A2"	11	82	16792	37.2328159645233	0.999836036832603	0.7660492815536	45.2288647970422
"GOTERM_BP_DIRECT"	"GO:0070588~calcium ion transmembrane transport"	2	18.1818181818182	0.0686671189703364	"CACNA1F, SLC24A2"	11	119	16792	25.6562261268144	0.999996832777067	0.836174062496402	58.2976303658663
"GOTERM_BP_DIRECT"	"GO:0006811~ion transport"	2	18.1818181818182	0.0731273836559344	"SLC1A6, SLC24A2"	11	127	16792	24.0400858983536	0.99999865237467	0.815415110601351	60.6877296749609
"GOTERM_BP_DIRECT"	"GO:0007568~aging"	2	18.1818181818182	0.0940522344065828	"DMD, CALCA"	11	165	16792	18.5035812672176	0.999999976860064	0.858226260251396	70.3103613599427
