"Category"	"Term"	"Count"	"X."	"PValue"	"Genes"	"List.Total"	"Pop.Hits"	"Pop.Total"	"Fold.Enrichment"	"Bonferroni"	"Benjamini"	"FDR"
"GOTERM_BP_DIRECT"	"GO:0009813~flavonoid biosynthetic process"	4	44.4444444444444	8.06055149027035e-08	"UGT2B28, UGT2A3, UGT2B17, UGT2B15"	9	20	16792	373.155555555556	2.0957412765199e-06	2.0957412765199e-06	6.61027783399604e-05
"GOTERM_BP_DIRECT"	"GO:0052696~flavonoid glucuronidation"	4	44.4444444444444	1.0883948669676e-07	"UGT2B28, UGT2A3, UGT2B17, UGT2B15"	9	22	16792	339.232323232323	2.82982280286337e-06	1.41491240235325e-06	8.92568174148956e-05
"GOTERM_BP_DIRECT"	"GO:0052695~cellular glucuronidation"	3	33.3333333333333	2.37542576545408e-05	"UGT2A3, UGT2B17, UGT2B15"	9	16	16792	349.833333333333	0.000617427347817223	0.000205851487866449	0.0194786746216313
"GOTERM_BP_DIRECT"	"GO:0008152~metabolic process"	3	33.3333333333333	0.00267797639345846	"UGT2B28, UGT2A3, UGT2B15"	9	168	16792	33.3174603174603	0.0673458037811909	0.017279168702098	2.1750911894222
"GOTERM_BP_DIRECT"	"GO:0008202~steroid metabolic process"	2	22.2222222222222	0.0203074708920439	"UGT2B17, UGT2B15"	9	43	16792	86.7803617571059	0.413409936199191	0.101191976889886	15.4858569083228
"GOTERM_BP_DIRECT"	"GO:0006805~xenobiotic metabolic process"	2	22.2222222222222	0.0365694854280525	"UGT2B28, UGT2B15"	9	78	16792	47.8404558404558	0.62039638829398	0.14908067031444	26.3259297844173
