"Category"	"Term"	"Count"	"X."	"PValue"	"Genes"	"List.Total"	"Pop.Hits"	"Pop.Total"	"Fold.Enrichment"	"Bonferroni"	"Benjamini"	"FDR"
"GOTERM_BP_DIRECT"	"GO:0006413~translational initiation"	5	50	5.17623266634521e-07	"EIF3J, EIF4H, EIF2S1, EIF2S2, COPS5"	10	137	16792	61.2846715328467	4.1926616499377e-05	4.1926616499377e-05	0.000551646630519986
"GOTERM_BP_DIRECT"	"GO:0001731~formation of translation preinitiation complex"	2	20	0.0122628807488307	"EIF3J, EIF4H"	10	23	16792	146.017391304348	0.631912247704611	0.393297641099535	12.3218488458068
"GOTERM_BP_DIRECT"	"GO:0002181~cytoplasmic translation"	2	20	0.0133228740053162	"EIF3J, EIF4H"	10	25	16792	134.336	0.66257296922664	0.303811855337278	13.3194387576568
"GOTERM_BP_DIRECT"	"GO:0006446~regulation of translational initiation"	2	20	0.0191347832105421	"EIF3J, EIF4H"	10	36	16792	93.2888888888889	0.790899028465735	0.323778440956425	18.6087096931225
