"Category"	"Term"	"Count"	"X."	"PValue"	"Genes"	"List.Total"	"Pop.Hits"	"Pop.Total"	"Fold.Enrichment"	"Bonferroni"	"Benjamini"	"FDR"
"GOTERM_BP_DIRECT"	"GO:0050911~detection of chemical stimulus involved in sensory perception of smell"	5	71.4285714285714	5.82973401313046e-06	"OR2C3, OR7D2, OR7C2, OR2H1, OR7E24"	7	425	16792	28.2218487394958	0.000139904236634569	0.000139904236634569	0.00467643724726408
"GOTERM_BP_DIRECT"	"GO:0007186~G-protein coupled receptor signaling pathway"	5	71.4285714285714	0.000112240635393164	"OR2C3, OR7D2, OR7C2, OR2H1, OR7E24"	7	899	16792	13.3418083584936	0.0026903010726681	0.00134605647034469	0.09000243081978
"GOTERM_BP_DIRECT"	"GO:0007608~sensory perception of smell"	2	28.5714285714286	0.0554928229601771	"OR2C3, OR2H1"	7	159	16792	30.1743036837376	0.74594584833297	0.366652444301847	36.7442509764257
