"Category"	"Term"	"Count"	"X."	"PValue"	"Genes"	"List.Total"	"Pop.Hits"	"Pop.Total"	"Fold.Enrichment"	"Bonferroni"	"Benjamini"	"FDR"
"GOTERM_BP_DIRECT"	"GO:0045814~negative regulation of gene expression, epigenetic"	2	18.1818181818182	0.029388029697039	"BMI1, AEBP2"	11	50	16792	61.0618181818182	0.851775103643128	0.851775103643128	26.1422144432687
"GOTERM_BP_DIRECT"	"GO:0016569~covalent chromatin modification"	2	18.1818181818182	0.0653092537145678	"BMI1, AEBP2"	11	113	16792	27.0185036202735	0.986733744530008	0.884820768061285	49.6482330521234
"GOTERM_BP_DIRECT"	"GO:0000122~negative regulation of transcription from RNA polymerase II promoter"	3	27.2727272727273	0.0657526286698567	"BMI1, CRY1, AEBP2"	11	720	16792	6.36060606060606	0.98713053148304	0.765656162594363	49.8903510069463
