"Category"	"Term"	"Count"	"X."	"PValue"	"Genes"	"List.Total"	"Pop.Hits"	"Pop.Total"	"Fold.Enrichment"	"Bonferroni"	"Benjamini"	"FDR"
"GOTERM_BP_DIRECT"	"GO:0007062~sister chromatid cohesion"	4	36.3636363636364	2.6068115359262e-05	"AHCTF1, SMC3, MIS12, RANBP2"	11	103	16792	59.2833186231244	0.00249944287132786	0.00249944287132786	0.0287075904908507
"GOTERM_BP_DIRECT"	"GO:0000910~cytokinesis"	2	18.1818181818182	0.0282276006271742	"AHCTF1, TTC19"	11	48	16792	63.6060606060606	0.935997380104895	0.747012609217168	27.0481236855207
"GOTERM_BP_DIRECT"	"GO:0016925~protein sumoylation"	2	18.1818181818182	0.0675490388398794	"SMC3, RANBP2"	11	117	16792	26.0947940947941	0.998786342646254	0.893332521109532	53.7127094341947
"GOTERM_BP_DIRECT"	"GO:1901796~regulation of signal transduction by p53 class mediator"	2	18.1818181818182	0.0714570423390304	"JMY, TP53BP2"	11	124	16792	24.6217008797654	0.999189053785489	0.831248355906821	55.8050874864966
