"Category"	"Term"	"Count"	"X."	"PValue"	"Genes"	"List.Total"	"Pop.Hits"	"Pop.Total"	"Fold.Enrichment"	"Bonferroni"	"Benjamini"	"FDR"
"GOTERM_BP_DIRECT"	"GO:0006120~mitochondrial electron transport, NADH to ubiquinone"	7	77.7777777777778	1.25216544768809e-14	"NDUFB11, NDUFB3, NDUFB1, NDUFAB1, NDUFA8, NDUFB4, NDUFS3"	9	49	16792	266.539682539683	2.25819363208757e-13	2.25819363208757e-13	9.24815779512755e-12
"GOTERM_BP_DIRECT"	"GO:0032981~mitochondrial respiratory chain complex I assembly"	7	77.7777777777778	6.08503854575215e-14	"NDUFB11, NDUFB3, NDUFB1, NDUFAB1, NDUFA8, NDUFB4, NDUFS3"	9	63	16792	207.308641975309	1.09512399149025e-12	5.47561995745127e-13	4.48419079646101e-11
"GOTERM_BP_DIRECT"	"GO:1902600~hydrogen ion transmembrane transport"	2	22.2222222222222	0.0287005383179453	"COX5A, UQCRFS1"	9	61	16792	61.1730418943534	0.407952345793459	0.160310179618449	19.3179105818211
