"Category"	"Term"	"Count"	"X."	"PValue"	"Genes"	"List.Total"	"Pop.Hits"	"Pop.Total"	"Fold.Enrichment"	"Bonferroni"	"Benjamini"	"FDR"
"GOTERM_BP_DIRECT"	"GO:0043065~positive regulation of apoptotic process"	3	23.0769230769231	0.0186554424830558	"MAP3K10, BMP4, BOK"	13	300	16792	12.9169230769231	0.992664727349587	0.992664727349587	21.8310623386987
"GOTERM_BP_DIRECT"	"GO:0007224~smoothened signaling pathway"	2	15.3846153846154	0.048225370634905	"MAP3K10, BMP4"	13	69	16792	37.4403567447046	0.999997503070013	0.998419832291615	47.609889909054
"GOTERM_BP_DIRECT"	"GO:0008544~epidermis development"	2	15.3846153846154	0.0590991174053968	"FOXN1, HOXB13"	13	85	16792	30.3927601809955	0.999999875562404	0.995007509989443	54.9201766280928
