"Category"	"Term"	"Count"	"X."	"PValue"	"Genes"	"List.Total"	"Pop.Hits"	"Pop.Total"	"Fold.Enrichment"	"Bonferroni"	"Benjamini"	"FDR"
"GOTERM_BP_DIRECT"	"GO:0009083~branched-chain amino acid catabolic process"	4	25	4.43538127651593e-07	"ALDH6A1, HIBCH, MCCC2, HIBADH"	15	19	16792	235.677192982456	3.85870811643318e-05	3.85870811643318e-05	0.000479356827409738
"GOTERM_BP_DIRECT"	"GO:0006574~valine catabolic process"	3	18.75	3.86927587474005e-06	"ALDH6A1, HIBCH, HIBADH"	15	4	16792	839.6	0.000336570999621033	0.000168299662198668	0.00418167578812856
"GOTERM_BP_DIRECT"	"GO:0055114~oxidation-reduction process"	5	31.25	0.0011542229966861	"ALDH18A1, ALDH6A1, NDUFA8, ACADM, HIBADH"	15	592	16792	9.45495495495495	0.0955926370702322	0.0329371580412323	1.24040029989878
"GOTERM_BP_DIRECT"	"GO:0006635~fatty acid beta-oxidation"	2	12.5	0.0360795668847814	"HIBCH, ACADM"	15	44	16792	50.8848484848485	0.959113190150109	0.550328040695686	32.7761053192242
"GOTERM_BP_DIRECT"	"GO:0009408~response to heat"	2	12.5	0.0392988600022669	"EIF2B3, DNAJA3"	15	48	16792	46.6444444444444	0.969437939839416	0.502221052321383	35.1632059706537
