"Category"	"Term"	"Count"	"X."	"PValue"	"Genes"	"List.Total"	"Pop.Hits"	"Pop.Total"	"Fold.Enrichment"	"Bonferroni"	"Benjamini"	"FDR"
"GOTERM_BP_DIRECT"	"GO:0006891~intra-Golgi vesicle-mediated transport"	2	11.7647058823529	0.0254298312299842	"COPB2, RAB33B"	17	27	16792	73.1677559912854	0.890874116097273	0.890874116097273	24.252489001703
"GOTERM_BP_DIRECT"	"GO:0008643~carbohydrate transport"	2	11.7647058823529	0.0254298312299842	"SLC35A3, SLC35A5"	17	27	16792	73.1677559912854	0.890874116097273	0.890874116097273	24.252489001703
"GOTERM_BP_DIRECT"	"GO:0006493~protein O-linked glycosylation"	2	11.7647058823529	0.0300720147494578	"GALNT7, C1GALT1C1"	17	32	16792	61.7352941176471	0.927623737078298	0.730971631752891	28.0538021578658
"GOTERM_BP_DIRECT"	"GO:0015992~proton transport"	2	11.7647058823529	0.0457008476642403	"SLC35A3, SLC35A5"	17	49	16792	40.3169267707083	0.982099289322261	0.738408622722257	39.6145744793887
"GOTERM_BP_DIRECT"	"GO:0015031~protein transport"	3	17.6470588235294	0.0532966278416436	"RAB21, GOLT1B, GOPC"	17	395	16792	7.50201042442293	0.990996788124325	0.691965494844852	44.600297326385
"GOTERM_BP_DIRECT"	"GO:0016266~O-glycan processing"	2	11.7647058823529	0.0556874767920235	"GALNT7, C1GALT1C1"	17	60	16792	32.9254901960784	0.992756400458341	0.62675767461729	46.090478518344
"GOTERM_BP_DIRECT"	"GO:0006890~retrograde vesicle-mediated transport, Golgi to ER"	2	11.7647058823529	0.0753675101119116	"GOLPH3L, COPB2"	17	82	16792	24.0918220946915	0.998816013167297	0.674744627588515	57.0429070640295
