"Category"	"Term"	"Count"	"X."	"PValue"	"Genes"	"List.Total"	"Pop.Hits"	"Pop.Total"	"Fold.Enrichment"	"Bonferroni"	"Benjamini"	"FDR"
"GOTERM_BP_DIRECT"	"GO:0006120~mitochondrial electron transport, NADH to ubiquinone"	11	84.6153846153846	1.10200253693789e-24	"NDUFS7, NDUFS8, NDUFA4, NDUFB2, NDUFC2, NDUFB6, NDUFA2, NDUFS4, NDUFA3, NDUFA11, NDUFA6"	13	49	16792	289.971742543171	2.75500634234471e-23	2.75500634234471e-23	8.94079204236667e-22
"GOTERM_BP_DIRECT"	"GO:0032981~mitochondrial respiratory chain complex I assembly"	10	76.9230769230769	1.7666555946376e-20	"NDUFS7, NDUFS8, NDUFB2, NDUFC2, NDUFB6, NDUFA2, NDUFS4, NDUFA3, NDUFA11, NDUFA6"	13	63	16792	205.030525030525	4.41663898659399e-19	2.208319493297e-19	1.43332703443937e-17
"GOTERM_BP_DIRECT"	"GO:1902600~hydrogen ion transmembrane transport"	3	23.0769230769231	0.000836895981298724	"NDUFA4, UQCRH, UQCRQ"	13	61	16792	63.5258511979823	0.0207136230462966	0.0069527699913422	0.676974763517169
"GOTERM_BP_DIRECT"	"GO:0006122~mitochondrial electron transport, ubiquinol to cytochrome c"	2	15.3846153846154	0.010670359979028	"UQCRH, UQCRQ"	13	15	16792	172.225641025641	0.235239382602639	0.0648497834068679	8.33560794219655
"GOTERM_BP_DIRECT"	"GO:0055114~oxidation-reduction process"	3	23.0769230769231	0.064822468247585	"NDUFS7, UQCRH, NDUFA6"	13	592	16792	6.54573804573805	0.812780275510931	0.284729489106684	41.9426700558683
"GOTERM_BP_DIRECT"	"GO:0006979~response to oxidative stress"	2	15.3846153846154	0.075861561499121	"NDUFS8, NDUFA6"	13	110	16792	23.4853146853147	0.860868372519373	0.280157234646254	47.2749585220393
