"Category"	"Term"	"Count"	"X."	"PValue"	"Genes"	"List.Total"	"Pop.Hits"	"Pop.Total"	"Fold.Enrichment"	"Bonferroni"	"Benjamini"	"FDR"
"GOTERM_BP_DIRECT"	"GO:0030509~BMP signaling pathway"	2	16.6666666666667	0.0356466316914459	"USP9Y, RGMA"	9	76	16792	49.0994152046784	0.905517122256333	0.905517122256333	30.9226349153172
"GOTERM_BP_DIRECT"	"GO:0010468~regulation of gene expression"	2	16.6666666666667	0.0466699909744235	"DDX3Y, UTY"	9	100	16792	37.3155555555556	0.95524802974138	0.788453385140248	38.5604724836671
