"Category"	"Term"	"Count"	"X."	"PValue"	"Genes"	"List.Total"	"Pop.Hits"	"Pop.Total"	"Fold.Enrichment"	"Bonferroni"	"Benjamini"	"FDR"
"GOTERM_BP_DIRECT"	"GO:0031338~regulation of vesicle fusion"	2	33.3333333333333	0.0127398193876095	"TBC1D3H, TBC1D3C"	6	43	16792	130.170542635659	0.56543438825255	0.56543438825255	12.2499809277763
"GOTERM_BP_DIRECT"	"GO:0090630~activation of GTPase activity"	2	33.3333333333333	0.0233055603189669	"TBC1D3H, TBC1D3C"	6	79	16792	70.8523206751055	0.784068255333014	0.535315435303704	21.3640599309488
"GOTERM_BP_DIRECT"	"GO:0006886~intracellular protein transport"	2	33.3333333333333	0.0683317975570921	"TBC1D3H, TBC1D3C"	6	236	16792	23.7175141242938	0.989954240631191	0.78422841240052	51.3915615827791
