"Category"	"Term"	"Count"	"X."	"PValue"	"Genes"	"List.Total"	"Pop.Hits"	"Pop.Total"	"Fold.Enrichment"	"Bonferroni"	"Benjamini"	"FDR"
"GOTERM_BP_DIRECT"	"GO:0000122~negative regulation of transcription from RNA polymerase II promoter"	4	36.3636363636364	0.00751329881867276	"STRN3, CREBBP, REL, MED1"	11	720	16792	8.48080808080808	0.64946388859263	0.64946388859263	8.50375654120129
"GOTERM_BP_DIRECT"	"GO:0045944~positive regulation of transcription from RNA polymerase II promoter"	4	36.3636363636364	0.0175022081824304	"STRN3, CREBBP, REL, MED1"	11	981	16792	6.22444629784079	0.914080838123785	0.706880294288809	18.785406936098
"GOTERM_BP_DIRECT"	"GO:0044255~cellular lipid metabolic process"	2	18.1818181818182	0.0241562592542712	"CREBBP, MED1"	11	41	16792	74.4656319290466	0.966591341776601	0.677927969564423	25.0355382054268
"GOTERM_BP_DIRECT"	"GO:0034644~cellular response to UV"	2	18.1818181818182	0.025902995849017	"FBXW7, CREBBP"	11	44	16792	69.3884297520661	0.973956049215661	0.598276982217145	26.6016188550102
"GOTERM_BP_DIRECT"	"GO:0045893~positive regulation of transcription, DNA-templated"	3	27.2727272727273	0.0358884365305294	"CREBBP, MAP3K2, MED1"	11	515	16792	8.89249779346867	0.9937813866088	0.637974875514461	34.9940194931201
"GOTERM_BP_DIRECT"	"GO:0043547~positive regulation of GTPase activity"	3	27.2727272727273	0.04252082664047	"RASA2, SNX13, ACAP2"	11	565	16792	8.10555108608206	0.997617802700649	0.634548607259009	40.0726745350416
"GOTERM_BP_DIRECT"	"GO:0006367~transcription initiation from RNA polymerase II promoter"	2	18.1818181818182	0.0869420788320976	"CREBBP, MED1"	11	152	16792	20.0861244019139	0.999996769515485	0.835710553583204	65.7622196762921
