"Category"	"Term"	"Count"	"X."	"PValue"	"Genes"	"List.Total"	"Pop.Hits"	"Pop.Total"	"Fold.Enrichment"	"Bonferroni"	"Benjamini"	"FDR"
"GOTERM_BP_DIRECT"	"GO:0006120~mitochondrial electron transport, NADH to ubiquinone"	2	16.6666666666667	0.028807971147459	"NDUFB7, NDUFB9"	11	49	16792	62.3079777365492	0.86693846255316	0.86693846255316	26.0385105970201
"GOTERM_BP_DIRECT"	"GO:0032981~mitochondrial respiratory chain complex I assembly"	2	16.6666666666667	0.0369004691952643	"NDUFB7, NDUFB9"	11	63	16792	48.4617604617605	0.925301682724299	0.726690071026132	32.1564988415001
