"Category"	"Term"	"Count"	"X."	"PValue"	"Genes"	"List.Total"	"Pop.Hits"	"Pop.Total"	"Fold.Enrichment"	"Bonferroni"	"Benjamini"	"FDR"
"GOTERM_BP_DIRECT"	"GO:0001731~formation of translation preinitiation complex"	6	54.5454545454545	7.59192305030865e-13	"EIF3K, EIF3H, EIF3G, EIF3E, EIF3F, EIF3D"	11	23	16792	398.229249011858	3.3403502186502e-11	3.3403502186502e-11	7.10265180003944e-10
"GOTERM_BP_DIRECT"	"GO:0006446~regulation of translational initiation"	6	54.5454545454545	8.47847708276538e-12	"EIF3K, EIF3H, EIF3G, EIF3E, EIF3F, EIF3D"	11	36	16792	254.424242424242	3.73051367574817e-10	1.86525683787409e-10	7.93221044403936e-09
"GOTERM_BP_DIRECT"	"GO:0006413~translational initiation"	6	54.5454545454545	8.19265916698894e-09	"EIF3K, EIF3H, EIF3G, EIF3E, EIF3F, EIF3D"	11	137	16792	66.8560053085601	3.60476942073973e-07	1.20158995087216e-07	7.66484575809301e-06
"GOTERM_BP_DIRECT"	"GO:0075525~viral translational termination-reinitiation"	2	18.1818181818182	0.00297441790088127	"EIF3G, EIF3D"	11	5	16792	610.618181818182	0.122843112951839	0.0322363192862204	2.74846060151518
"GOTERM_BP_DIRECT"	"GO:0075522~IRES-dependent viral translational initiation"	2	18.1818181818182	0.00416195385009739	"EIF3F, EIF3D"	11	7	16792	436.155844155844	0.167654875435238	0.0360362821825042	3.82679957550474
"GOTERM_BP_DIRECT"	"GO:0006414~translational elongation"	2	18.1818181818182	0.010670676426	"EEF1B2, EEF1G"	11	18	16792	169.616161616162	0.376266895930162	0.0756570516612803	9.54960655104044
