"Category"	"Term"	"Count"	"X."	"PValue"	"Genes"	"List.Total"	"Pop.Hits"	"Pop.Total"	"Fold.Enrichment"	"Bonferroni"	"Benjamini"	"FDR"
"GOTERM_BP_DIRECT"	"GO:0030890~positive regulation of B cell proliferation"	2	20	0.0207145586706486	"TNFSF13B, BCL6"	10	39	16792	86.1128205128205	0.881764361186971	0.881764361186971	20.8003961760222
"GOTERM_BP_DIRECT"	"GO:0006898~receptor-mediated endocytosis"	2	20	0.0954073809719843	"ASGR2, ASGR1"	10	186	16792	18.0559139784946	0.999963841528634	0.993986808554053	67.2768287189919
