"Category"	"Term"	"Count"	"X."	"PValue"	"Genes"	"List.Total"	"Pop.Hits"	"Pop.Total"	"Fold.Enrichment"	"Bonferroni"	"Benjamini"	"FDR"
"GOTERM_BP_DIRECT"	"GO:0032532~regulation of microvillus length"	3	10.3448275862069	4.44844113991764e-05	"USH1C, CDHR5, VIL1"	26	7	16792	276.791208791209	0.00793126695515323	0.00793126695515323	0.0547288543790936
"GOTERM_BP_DIRECT"	"GO:0030522~intracellular receptor signaling pathway"	3	10.3448275862069	0.00144763946799106	"HNF4G, HNF4A, NR1I2"	26	38	16792	50.9878542510122	0.228420223065102	0.121603861042811	1.76696201273933
"GOTERM_BP_DIRECT"	"GO:0043401~steroid hormone mediated signaling pathway"	3	10.3448275862069	0.00323015058360539	"HNF4G, HNF4A, NR1I2"	26	57	16792	33.9919028340081	0.439615880048296	0.175554522646495	3.90324575169129
"GOTERM_BP_DIRECT"	"GO:0014807~regulation of somitogenesis"	2	6.89655172413793	0.010377043175217	"CDX1, CDX2"	26	7	16792	184.527472527473	0.845443500318653	0.372993824390571	12.0469753924973
"GOTERM_BP_DIRECT"	"GO:0006367~transcription initiation from RNA polymerase II promoter"	3	10.3448275862069	0.0213089007230677	"HNF4G, HNF4A, NR1I2"	26	152	16792	12.746963562753	0.978837385725879	0.537497735737724	23.2841652394502
"GOTERM_BP_DIRECT"	"GO:0009948~anterior/posterior axis specification"	2	6.89655172413793	0.0250222360327689	"CDX1, CDX2"	26	17	16792	75.9819004524887	0.989283492649624	0.530456811939773	26.7902942065605
"GOTERM_BP_DIRECT"	"GO:0007155~cell adhesion"	4	13.7931034482759	0.0298771250514472	"TINAG, CDHR5, LGALS4, CDH17"	26	459	16792	5.62828892240657	0.995614820478875	0.53959391605214	31.1522702345003
"GOTERM_BP_DIRECT"	"GO:0030154~cell differentiation"	4	13.7931034482759	0.0303793268582756	"USH1C, CDHR5, CDX1, CDX2"	26	462	16792	5.59174159174159	0.99600300049337	0.498562555091795	31.5895791749598
"GOTERM_BP_DIRECT"	"GO:0043154~negative regulation of cysteine-type endopeptidase activity involved in apoptotic process"	2	6.89655172413793	0.0978846770036251	"FABP1, VIL1"	26	69	16792	18.7201783723523	0.999999990184585	0.871112121507069	71.8515890786442
