"Category"	"Term"	"Count"	"X."	"PValue"	"Genes"	"List.Total"	"Pop.Hits"	"Pop.Total"	"Fold.Enrichment"	"Bonferroni"	"Benjamini"	"FDR"
"GOTERM_BP_DIRECT"	"GO:0032532~regulation of microvillus length"	2	15.3846153846154	0.00457733141656137	"USH1C, VIL1"	12	7	16792	399.809523809524	0.385109443840196	0.385109443840196	5.01775782059307
"GOTERM_BP_DIRECT"	"GO:0030522~intracellular receptor signaling pathway"	2	15.3846153846154	0.0246202988024434	"HNF4G, HNF4A"	12	38	16792	73.6491228070175	0.928810884680149	0.733187115528783	24.4006564863296
"GOTERM_BP_DIRECT"	"GO:0043401~steroid hormone mediated signaling pathway"	2	15.3846153846154	0.0367226352315175	"HNF4G, HNF4A"	12	57	16792	49.0994152046784	0.981048496899446	0.73338706226314	34.2836187243119
"GOTERM_BP_DIRECT"	"GO:0006367~transcription initiation from RNA polymerase II promoter"	2	15.3846153846154	0.0952119396330439	"HNF4G, HNF4A"	12	152	16792	18.4122807017544	0.999975227646769	0.92945084506005	67.460454757542
