"Category"	"Term"	"Count"	"X."	"PValue"	"Genes"	"List.Total"	"Pop.Hits"	"Pop.Total"	"Fold.Enrichment"	"Bonferroni"	"Benjamini"	"FDR"
"GOTERM_BP_DIRECT"	"GO:0006367~transcription initiation from RNA polymerase II promoter"	3	21.4285714285714	0.00506202980147531	"NRBP1, NR1H2, MAZ"	13	152	16792	25.4939271255061	0.427783223983254	0.427783223983254	5.57245067942916
"GOTERM_BP_DIRECT"	"GO:0035556~intracellular signal transduction"	3	21.4285714285714	0.0323460796887584	"SH2B1, DGKZ, NRBP1"	13	403	16792	9.61557549150601	0.973133774981502	0.83609080252012	31.0297688102628
"GOTERM_BP_DIRECT"	"GO:0006334~nucleosome assembly"	2	14.2857142857143	0.0818287150419919	"BRD2, H1FX"	13	119	16792	21.7091144149968	0.999916515142757	0.956294519127071	61.8843974624452
