"Category"	"Term"	"Count"	"X."	"PValue"	"Genes"	"List.Total"	"Pop.Hits"	"Pop.Total"	"Fold.Enrichment"	"Bonferroni"	"Benjamini"	"FDR"
"GOTERM_BP_DIRECT"	"GO:0035556~intracellular signal transduction"	3	18.75	0.0490932526480964	"GNAI2, DGKZ, NRBP1"	16	403	16792	7.81265508684864	0.99985800419637	0.99985800419637	46.0830681293649
"GOTERM_BP_DIRECT"	"GO:0007584~response to nutrient"	2	12.5	0.064128110978846	"GNAI2, POR"	16	74	16792	28.3648648648649	0.999991408147035	0.997068813727397	55.6606397483281
"GOTERM_BP_DIRECT"	"GO:0030168~platelet activation"	2	12.5	0.0979848940853314	"RHOG, DGKZ"	16	115	16792	18.2521739130435	0.999999986889155	0.997642001311338	71.7890508721961
