"Category"	"Term"	"Count"	"X."	"PValue"	"Genes"	"List.Total"	"Pop.Hits"	"Pop.Total"	"Fold.Enrichment"	"Bonferroni"	"Benjamini"	"FDR"
"GOTERM_BP_DIRECT"	"GO:0006355~regulation of transcription, DNA-templated"	6	40	0.00575768369903114	"MLF2, RALY, PPP2R1A, MAZ, HMG20B, DNM2"	15	1504	16792	4.46595744680851	0.642217315946895	0.642217315946895	6.8531025868369
"GOTERM_BP_DIRECT"	"GO:0008380~RNA splicing"	3	20	0.00817623302994383	"PPP2R1A, PPP1R9B, ACIN1"	15	166	16792	20.2313253012048	0.768077457217822	0.518416629458431	9.60089994765245
"GOTERM_BP_DIRECT"	"GO:0040008~regulation of growth"	2	13.3333333333333	0.0433089367089306	"PPP2R1A, AES"	15	53	16792	42.2440251572327	0.999622109784317	0.927702732641987	41.9772997753401
"GOTERM_BP_DIRECT"	"GO:0019886~antigen processing and presentation of exogenous peptide antigen via MHC class II"	2	13.3333333333333	0.0740582524531772	"DNM2, AP2M1"	15	92	16792	24.336231884058	0.999998873081679	0.967418347309747	61.1703945234744
"GOTERM_BP_DIRECT"	"GO:0030308~negative regulation of cell growth"	2	13.3333333333333	0.0963254083777157	"PPP2R1A, PPP1R9B"	15	121	16792	18.5035812672176	0.99999998520385	0.972833746700421	71.2133882894714
