"Category"	"Term"	"Count"	"X."	"PValue"	"Genes"	"List.Total"	"Pop.Hits"	"Pop.Total"	"Fold.Enrichment"	"Bonferroni"	"Benjamini"	"FDR"
"GOTERM_BP_DIRECT"	"GO:0071902~positive regulation of protein serine/threonine kinase activity"	2	18.1818181818182	0.0206543265360788	"MAP2K2, STK11"	11	35	16792	87.2311688311688	0.93227559987548	0.93227559987548	21.5504323894401
"GOTERM_BP_DIRECT"	"GO:0008285~negative regulation of cell proliferation"	3	27.2727272727273	0.022025227696085	"TSC2, STK11, HGS"	11	396	16792	11.564738292011	0.943471547112942	0.762242869955373	22.8180616757121
"GOTERM_BP_DIRECT"	"GO:0006334~nucleosome assembly"	2	18.1818181818182	0.0686671189703364	"BRD2, H1FX"	11	119	16792	25.6562261268144	0.999896596137287	0.953063332213575	56.2773312291497
"GOTERM_BP_DIRECT"	"GO:0006914~autophagy"	2	18.1818181818182	0.076459955892656	"STK11, HGS"	11	133	16792	22.9555707450444	0.999965022457883	0.923096284608749	60.3477052242402
"GOTERM_BP_DIRECT"	"GO:0010629~negative regulation of gene expression"	2	18.1818181818182	0.0786756755064332	"MAP2K2, AES"	11	137	16792	22.2853351028534	0.999974342323452	0.87926214245012	61.4400435732269
"GOTERM_BP_DIRECT"	"GO:0007050~cell cycle arrest"	2	18.1818181818182	0.080886609695402	"TSC2, STK11"	11	141	16792	21.6531270148291	0.999981180285488	0.83690693098228	62.5025419389559
