"Category"	"Term"	"Count"	"X."	"PValue"	"Genes"	"List.Total"	"Pop.Hits"	"Pop.Total"	"Fold.Enrichment"	"Bonferroni"	"Benjamini"	"FDR"
"GOTERM_BP_DIRECT"	"GO:0051056~regulation of small GTPase mediated signal transduction"	5	55.5555555555556	2.64760684068075e-07	"ECT2, RACGAP1, ARHGAP19, DEPDC1B, ARHGAP11A"	9	134	16792	69.6185737976783	1.32379483321898e-05	1.32379483321898e-05	0.000255001781368502
"GOTERM_BP_DIRECT"	"GO:0043547~positive regulation of GTPase activity"	6	66.6666666666667	2.1815545901456e-06	"ECT2, RACGAP1, ARHGAP19, DEPDC1B, ARHGAP11A, DEPDC1"	9	565	16792	19.8135693215339	0.000109071899717317	5.45374370246599e-05	0.00210112655804062
"GOTERM_BP_DIRECT"	"GO:0035556~intracellular signal transduction"	4	44.4444444444444	0.000702382626372807	"ECT2, RACGAP1, DEPDC1B, DEPDC1"	9	403	16792	18.5188861317894	0.0345215241509323	0.0116421892921619	0.674447060561767
"GOTERM_BP_DIRECT"	"GO:0051988~regulation of attachment of spindle microtubules to kinetochore"	2	22.2222222222222	0.00333075298847473	"ECT2, RACGAP1"	9	7	16792	533.079365079365	0.153644347512083	0.0408462595727713	3.16226246805578
"GOTERM_BP_DIRECT"	"GO:0000281~mitotic cytokinesis"	2	22.2222222222222	0.0137357246178834	"CEP55, RACGAP1"	9	29	16792	128.674329501916	0.499199081975	0.129170719375368	12.4720038422691
"GOTERM_BP_DIRECT"	"GO:0007165~signal transduction"	4	44.4444444444444	0.0141857386679812	"RACGAP1, ARHGAP19, ARHGAP11A, DEPDC1"	9	1161	16792	6.42817494497081	0.510497594475071	0.11224633947679	12.8559010211715
"GOTERM_BP_DIRECT"	"GO:0032467~positive regulation of cytokinesis"	2	22.2222222222222	0.017495715051808	"ECT2, RACGAP1"	9	37	16792	100.852852852853	0.586264624397067	0.118451737672214	15.6335225484289
"GOTERM_BP_DIRECT"	"GO:0000910~cytokinesis"	2	22.2222222222222	0.022645219718132	"ECT2, PRC1"	9	48	16792	77.7407407407407	0.681864544603014	0.133384386881651	19.7973011474591
