"Category"	"Term"	"Count"	"X."	"PValue"	"Genes"	"List.Total"	"Pop.Hits"	"Pop.Total"	"Fold.Enrichment"	"Bonferroni"	"Benjamini"	"FDR"
"GOTERM_BP_DIRECT"	"GO:0008360~regulation of cell shape"	3	30	0.00239108555902555	"EPB41L3, FES, HCK"	10	140	16792	35.9828571428571	0.244285791975633	0.244285791975633	2.69841390683072
"GOTERM_BP_DIRECT"	"GO:2001200~positive regulation of dendritic cell differentiation"	2	20	0.00321198877878829	"LGALS1, LGALS3"	10	6	16792	559.733333333333	0.313677413871743	0.171554113940894	3.60939530777689
"GOTERM_BP_DIRECT"	"GO:2000251~positive regulation of actin cytoskeleton reorganization"	2	20	0.00801277818930241	"FES, HCK"	10	15	16792	223.893333333333	0.609868416539741	0.269303483657553	8.78294299655608
"GOTERM_BP_DIRECT"	"GO:0038083~peptidyl-tyrosine autophosphorylation"	2	20	0.021240647668211	"FES, HCK"	10	40	16792	83.96	0.9188883543241	0.466332441183171	21.7549736588964
"GOTERM_BP_DIRECT"	"GO:0018108~peptidyl-tyrosine phosphorylation"	2	20	0.0790954873201855	"FES, HCK"	10	153	16792	21.9503267973856	0.999934970811755	0.854580828313952	60.9975796364948
"GOTERM_BP_DIRECT"	"GO:0046777~protein autophosphorylation"	2	20	0.0885188199379026	"FES, HCK"	10	172	16792	19.5255813953488	0.999980479919994	0.835910698779264	65.3223419981929
