"Category"	"Term"	"Count"	"X."	"PValue"	"Genes"	"List.Total"	"Pop.Hits"	"Pop.Total"	"Fold.Enrichment"	"Bonferroni"	"Benjamini"	"FDR"
"GOTERM_BP_DIRECT"	"GO:0007067~mitotic nuclear division"	3	30	0.00730363444695208	"AURKB, CCNA2, CDCA3"	10	248	16792	20.3129032258065	0.560012470918615	0.560012470918615	7.97374374790408
"GOTERM_BP_DIRECT"	"GO:0010212~response to ionizing radiation"	2	20	0.0259641555979215	"RAD54L, RAD51C"	10	49	16792	68.5387755102041	0.947471719364549	0.770809510154869	25.7856372962314
"GOTERM_BP_DIRECT"	"GO:0000724~double-strand break repair via homologous recombination"	2	20	0.0389788731071733	"RAD54L, RAD51C"	10	74	16792	45.3837837837838	0.988356360678518	0.773346246967916	36.2816883747098
"GOTERM_BP_DIRECT"	"GO:0006310~DNA recombination"	2	20	0.0436261902983987	"RAD54L, RAD51C"	10	83	16792	40.4626506024096	0.993234505605253	0.713202814766116	39.6885908902828
"GOTERM_BP_DIRECT"	"GO:0071456~cellular response to hypoxia"	2	20	0.0503037153847516	"CCNA2, SUV39H1"	10	96	16792	34.9833333333333	0.996913325995273	0.685298978299282	44.2935591374725
"GOTERM_BP_DIRECT"	"GO:0007062~sister chromatid cohesion"	2	20	0.0538821123542585	"AURKB, RAD51C"	10	103	16792	32.6058252427184	0.997977593787265	0.644386642820526	46.6271300306807
"GOTERM_BP_DIRECT"	"GO:0046777~protein autophosphorylation"	2	20	0.0885188199379026	"AURKB, MELK"	10	172	16792	19.5255813953488	0.999968972765808	0.773032698172808	65.0289531021064
