"Category"	"Term"	"Count"	"X."	"PValue"	"Genes"	"List.Total"	"Pop.Hits"	"Pop.Total"	"Fold.Enrichment"	"Bonferroni"	"Benjamini"	"FDR"
"GOTERM_BP_DIRECT"	"GO:0000165~MAPK cascade"	3	23.0769230769231	0.0121554467882883	"ERBB4, GFRA3, POU4F2"	12	262	16792	16.0229007633588	0.844163690332685	0.844163690332685	13.6170810735594
"GOTERM_BP_DIRECT"	"GO:0043547~positive regulation of GTPase activity"	3	23.0769230769231	0.0508347134196066	"ERBB4, ADCYAP1, GFRA3"	12	565	16792	7.43008849557522	0.999640283235633	0.981033799421956	46.4444893156747
"GOTERM_BP_DIRECT"	"GO:0007411~axon guidance"	2	15.3846153846154	0.099391217378976	"GFRA3, POU4F2"	12	159	16792	17.601677148847	0.999999877114956	0.995028359962667	71.4344416970576
