"Category"	"Term"	"Count"	"X."	"PValue"	"Genes"	"List.Total"	"Pop.Hits"	"Pop.Total"	"Fold.Enrichment"	"Bonferroni"	"Benjamini"	"FDR"
"GOTERM_BP_DIRECT"	"GO:0008217~regulation of blood pressure"	2	22.2222222222222	0.0305570968122216	"NPR3, CYP11B1"	9	65	16792	57.408547008547	0.993444554833741	0.993444554833741	31.3070231367232
"GOTERM_BP_DIRECT"	"GO:0048015~phosphatidylinositol-mediated signaling"	2	22.2222222222222	0.0494085415145115	"ERBB4, NPR3"	9	106	16792	35.2033542976939	0.999727721695964	0.983499142324233	45.835427705282
"GOTERM_BP_DIRECT"	"GO:0001501~skeletal system development"	2	22.2222222222222	0.0634483507095355	"HOXC10, NPR3"	9	137	16792	27.2376317923763	0.999975557774515	0.970978919218085	54.7602928050993
"GOTERM_BP_DIRECT"	"GO:0018108~peptidyl-tyrosine phosphorylation"	2	22.2222222222222	0.0706234537436684	"ERBB4, EPHB1"	9	153	16792	24.3892519970951	0.999992968357779	0.948505103298413	58.7803951705335
"GOTERM_BP_DIRECT"	"GO:0046777~protein autophosphorylation"	2	22.2222222222222	0.0790813793594453	"ERBB4, EPHB1"	9	172	16792	21.6950904392765	0.999998401019371	0.93069435008691	63.0971973093802
