"Category"	"Term"	"Count"	"X."	"PValue"	"Genes"	"List.Total"	"Pop.Hits"	"Pop.Total"	"Fold.Enrichment"	"Bonferroni"	"Benjamini"	"FDR"
"GOTERM_BP_DIRECT"	"GO:0007595~lactation"	2	15.3846153846154	0.0271795858166246	"ATP7B, ERBB4"	12	42	16792	66.6349206349206	0.992383006902466	0.992383006902466	28.7136307797316
"GOTERM_BP_DIRECT"	"GO:0008284~positive regulation of cell proliferation"	3	23.0769230769231	0.0358113651545177	"ERBB4, ADCYAP1, HOXC10"	12	466	16792	9.00858369098713	0.998427193043971	0.960341369715676	36.1055028232688
"GOTERM_BP_DIRECT"	"GO:0010976~positive regulation of neuron projection development"	2	15.3846153846154	0.0567973152532922	"DMD, ADCYAP1"	12	89	16792	31.4456928838951	0.999968004418764	0.968253440351058	51.238620142272
