"Category"	"Term"	"Count"	"X."	"PValue"	"Genes"	"List.Total"	"Pop.Hits"	"Pop.Total"	"Fold.Enrichment"	"Bonferroni"	"Benjamini"	"FDR"
"GOTERM_BP_DIRECT"	"GO:0002224~toll-like receptor signaling pathway"	2	20	0.0112032042252283	"TLR10, CD180"	8	27	16792	155.481481481481	0.411113811138679	0.411113811138679	10.1484117735643
"GOTERM_BP_DIRECT"	"GO:0045087~innate immune response"	3	30	0.012615540464287	"TLR10, LY9, CD180"	8	430	16792	14.6441860465116	0.449375519926796	0.257959246352868	11.3600249715539
