"Category"	"Term"	"Count"	"X."	"PValue"	"Genes"	"List.Total"	"Pop.Hits"	"Pop.Total"	"Fold.Enrichment"	"Bonferroni"	"Benjamini"	"FDR"
"GOTERM_BP_DIRECT"	"GO:0048007~antigen processing and presentation, exogenous lipid antigen via MHC class Ib"	4	40	3.7222299028909e-09	"CD1A, CD1B, CD1C, CD1E"	10	7	16792	959.542857142857	2.68000514336286e-07	2.68000514336286e-07	3.87438190418976e-06
"GOTERM_BP_DIRECT"	"GO:0002250~adaptive immune response"	4	40	5.42081203591169e-05	"CD1A, CD1B, CD1C, CD1E"	10	148	16792	45.3837837837838	0.00389548329921818	0.00194964220196692	0.0564095774307605
"GOTERM_BP_DIRECT"	"GO:0006955~immune response"	4	40	0.00117443762335668	"CD1A, IL1R2, IL1R1, CD1E"	10	421	16792	15.9543942992874	0.081128693355638	0.0278090736997785	1.21571281824916
"GOTERM_BP_DIRECT"	"GO:0019221~cytokine-mediated signaling pathway"	3	30	0.00209775539007024	"CSF1R, IL1R2, CSF2RA"	10	131	16792	38.4549618320611	0.140321701116769	0.0370937824958778	2.16208248586351
"GOTERM_BP_DIRECT"	"GO:0050776~regulation of immune response"	3	30	0.00383046179809661	"CD1A, CD1B, CD1C"	10	178	16792	28.3011235955056	0.241431982075363	0.0537652229211536	3.91595773542047
"GOTERM_BP_DIRECT"	"GO:0018108~peptidyl-tyrosine phosphorylation"	2	20	0.0790954873201855	"CSF1R, CSF2RA"	10	153	16792	21.9503267973856	0.997348746336051	0.627972354528245	57.5851285141558
