"Category"	"Term"	"Count"	"X."	"PValue"	"Genes"	"List.Total"	"Pop.Hits"	"Pop.Total"	"Fold.Enrichment"	"Bonferroni"	"Benjamini"	"FDR"
"GOTERM_BP_DIRECT"	"GO:0043277~apoptotic cell clearance"	2	16.6666666666667	0.00978523862583893	"LRP1, RARA"	12	15	16792	186.577777777778	0.839428786650928	0.839428786650928	11.4662285094618
"GOTERM_BP_DIRECT"	"GO:0007202~activation of phospholipase C activity"	2	16.6666666666667	0.0169056686787174	"RASGRP4, PRKCD"	12	26	16792	107.641025641026	0.958052537639325	0.795189203505589	19.0359668127294
"GOTERM_BP_DIRECT"	"GO:0032956~regulation of actin cytoskeleton organization"	2	16.6666666666667	0.0303701091939147	"LRP1, PRKCD"	12	47	16792	59.5460992907801	0.996773623270044	0.852234961177129	31.7478269623325
"GOTERM_BP_DIRECT"	"GO:0007165~signal transduction"	4	33.3333333333333	0.0357701614989942	"CSF3R, RARA, ZYX, PRKCD"	12	1161	16792	4.82113120872811	0.998858212139154	0.816178478969421	36.30904251628
"GOTERM_BP_DIRECT"	"GO:0060326~cell chemotaxis"	2	16.6666666666667	0.0417773888228832	"RHOG, PRKCD"	12	65	16792	43.0564102564103	0.999642930190232	0.795567176712477	41.052790030797
"GOTERM_BP_DIRECT"	"GO:0045893~positive regulation of transcription, DNA-templated"	3	25	0.0429887089005035	"RHOG, SPI1, RARA"	12	515	16792	8.15145631067961	0.999717789294953	0.743888597762188	41.969064909394
"GOTERM_BP_DIRECT"	"GO:0030168~platelet activation"	2	16.6666666666667	0.0728271157582077	"RHOG, PRKCD"	12	115	16792	24.336231884058	0.999999220359704	0.865904727158593	60.7997742481114
"GOTERM_BP_DIRECT"	"GO:0030036~actin cytoskeleton organization"	2	16.6666666666667	0.0819620233820938	"RHOG, PDLIM7"	12	130	16792	21.5282051282051	0.999999876382385	0.863066393977303	65.3237170704171
