"Category"	"Term"	"Count"	"X."	"PValue"	"Genes"	"List.Total"	"Pop.Hits"	"Pop.Total"	"Fold.Enrichment"	"Bonferroni"	"Benjamini"	"FDR"
"GOTERM_BP_DIRECT"	"GO:0050776~regulation of immune response"	11	47.8260869565217	2.5166464105647e-16	"KLRB1, KIR2DL1, KLRK1, KIR3DL1, CD247, CD96, KLRF1, KIR2DS1, KIR2DL2, KIR2DS2, KIR2DL3"	18	178	16792	57.6504369538077	1.73194791841524e-14	1.73194791841524e-14	2.33146835171283e-13
"GOTERM_BP_DIRECT"	"GO:0006955~immune response"	9	39.1304347826087	2.9142563312963e-09	"KIR2DL1, KIR2DS5, KIR3DL1, CD96, TGFBR3, KIR2DS1, CD7, KIR2DS2, KIR2DL3"	18	421	16792	19.9429928741093	2.27311964362542e-07	1.13655988620565e-07	3.08264335169284e-06
"GOTERM_BP_DIRECT"	"GO:0045087~innate immune response"	5	21.7391304347826	0.000774302632533116	"KLRK1, KIR2DS5, KIR2DS4, KIR2DS1, KIR2DS2"	18	430	16792	10.8475452196382	0.0586299827713214	0.0199382181013279	0.816011864696353
"GOTERM_BP_DIRECT"	"GO:0007165~signal transduction"	6	26.0869565217391	0.0048061058474615	"KLRK1, KIR2DS5, KIR3DL1, IL2RB, KIR2DS1, KIR2DS2"	18	1161	16792	4.82113120872811	0.313246598107983	0.0896671709234529	4.96838960525522
"GOTERM_BP_DIRECT"	"GO:0030101~natural killer cell activation"	2	8.69565217391304	0.0200654240470829	"KLRK1, KIR2DS2"	18	20	16792	93.2888888888889	0.794234593941014	0.271089053544462	19.2979722130797
"GOTERM_BP_DIRECT"	"GO:0007166~cell surface receptor signaling pathway"	3	13.0434782608696	0.0307042442801093	"KLRB1, CD247, KLRF1"	18	274	16792	10.2141119221411	0.912180236210619	0.333297560697658	28.098574154659
"GOTERM_BP_DIRECT"	"GO:0031295~T cell costimulation"	2	8.69565217391304	0.0761337484480973	"KLRK1, CD247"	18	78	16792	23.9202279202279	0.997922648353036	0.586203183143863	56.7267211249609
