"Category"	"Term"	"Count"	"X."	"PValue"	"Genes"	"List.Total"	"Pop.Hits"	"Pop.Total"	"Fold.Enrichment"	"Bonferroni"	"Benjamini"	"FDR"
"GOTERM_BP_DIRECT"	"GO:0050776~regulation of immune response"	7	53.8461538461538	2.64368869961774e-10	"KIR2DL1, KIR3DL1, KIR2DL4, KIR2DS1, KIR2DL2, KIR2DS2, KIR2DL3"	11	178	16792	60.0326864147089	2.11495088109359e-09	2.11495088109359e-09	1.44730394335824e-07
"GOTERM_BP_DIRECT"	"GO:0006955~immune response"	7	53.8461538461538	4.62336288247515e-08	"KIR2DL1, KIR2DS5, KIR3DL1, KIR3DS1, KIR2DS1, KIR2DS2, KIR2DL3"	11	421	16792	25.3819909306845	3.69868970673259e-07	1.84934502378553e-07	2.53108875525321e-05
"GOTERM_BP_DIRECT"	"GO:0045087~innate immune response"	5	38.4615384615385	7.87826978594861e-05	"KIR2DS5, KIR3DS1, KIR2DS4, KIR2DS1, KIR2DS2"	11	430	16792	17.7505285412262	0.000630087822278247	0.000210073401836652	0.0431224808575825
"GOTERM_BP_DIRECT"	"GO:0007165~signal transduction"	6	46.1538461538462	0.000294228641802523	"KIR2DS5, KIR3DL1, KIR3DS1, KIR2DL4, KIR2DS1, KIR2DS2"	11	1161	16792	7.88912379610054	0.00235140658647826	0.000588370713111352	0.160971319365522
"GOTERM_BP_DIRECT"	"GO:0030101~natural killer cell activation"	2	15.3846153846154	0.0118499585274593	"KIR3DS1, KIR2DS2"	11	20	16792	152.654545454545	0.0909596818669446	0.0188924243762028	6.31768717350757
"GOTERM_BP_DIRECT"	"GO:0006968~cellular defense response"	2	15.3846153846154	0.0363244527294328	"KIR2DS3, KIR2DL4"	11	62	16792	49.2434017595308	0.256216203112185	0.0481369856116568	18.336428287986
