"Category"	"Term"	"Count"	"X."	"PValue"	"Genes"	"List.Total"	"Pop.Hits"	"Pop.Total"	"Fold.Enrichment"	"Bonferroni"	"Benjamini"	"FDR"
"GOTERM_BP_DIRECT"	"GO:0048870~cell motility"	2	20	0.0113793422678512	"PTK2, ENG"	9	24	16792	155.481481481481	0.814064159831044	0.814064159831044	12.7322789582487
"GOTERM_BP_DIRECT"	"GO:0001570~vasculogenesis"	2	20	0.0263754658479374	"PTK2, ENG"	9	56	16792	66.6349206349206	0.980341434194946	0.8597909924254	27.2454827755336
"GOTERM_BP_DIRECT"	"GO:0007179~transforming growth factor beta receptor signaling pathway"	2	20	0.0430078531041466	"PTK2, ENG"	9	92	16792	40.56038647343	0.998438539609574	0.883986020550552	40.7332239037697
"GOTERM_BP_DIRECT"	"GO:0001934~positive regulation of protein phosphorylation"	2	20	0.0589393391107312	"PTK2, ENG"	9	127	16792	29.3823272090989	0.999867629870419	0.892737602862408	51.4653444961373
"GOTERM_BP_DIRECT"	"GO:0042127~regulation of cell proliferation"	2	20	0.0848295027103696	"PTK2, ENG"	9	185	16792	20.1705705705706	0.999997808226663	0.926182534814341	65.1761112009847
