"Category"	"Term"	"Count"	"X."	"PValue"	"Genes"	"List.Total"	"Pop.Hits"	"Pop.Total"	"Fold.Enrichment"	"Bonferroni"	"Benjamini"	"FDR"
"GOTERM_BP_DIRECT"	"GO:0045429~positive regulation of nitric oxide biosynthetic process"	2	12.5	0.0377456589458131	"SOD2, IL1B"	16	43	16792	48.8139534883721	0.999249747628712	0.999249747628712	37.9327463222448
"GOTERM_BP_DIRECT"	"GO:0008285~negative regulation of cell proliferation"	3	18.75	0.0475705485272067	"SOD2, CXCL1, IL1B"	16	396	16792	7.95075757575758	0.999889912840349	0.989507757167757	45.3471142502659
"GOTERM_BP_DIRECT"	"GO:0006955~immune response"	3	18.75	0.0530914311862133	"CXCL1, IL1B, IL1RN"	16	421	16792	7.47862232779097	0.999962880277913	0.966641879588111	49.1470406314807
"GOTERM_BP_DIRECT"	"GO:0050796~regulation of insulin secretion"	2	12.5	0.0582304857111556	"MARCKS, IL1B"	16	67	16792	31.3283582089552	0.999986583308835	0.939478266932909	52.4643472624756
