"Category"	"Term"	"Count"	"X."	"PValue"	"Genes"	"List.Total"	"Pop.Hits"	"Pop.Total"	"Fold.Enrichment"	"Bonferroni"	"Benjamini"	"FDR"
"GOTERM_BP_DIRECT"	"GO:0042100~B cell proliferation"	3	15.7894736842105	0.000470016154088521	"MS4A1, CD79A, CR2"	18	32	16792	87.4583333333333	0.0373643217610697	0.0373643217610697	0.49977625265234
"GOTERM_BP_DIRECT"	"GO:0006955~immune response"	5	26.3157894736842	0.000715286934970023	"HLA-DOB, CXCR5, CD22, CR2, CD79B"	18	421	16792	11.0794404856163	0.0563113365035472	0.0285636081057841	0.75967715085743
"GOTERM_BP_DIRECT"	"GO:0050853~B cell receptor signaling pathway"	3	15.7894736842105	0.00133839851484607	"CD19, CD79A, CD79B"	18	54	16792	51.8271604938272	0.102805756634151	0.0355149665670749	1.41719229346936
"GOTERM_BP_DIRECT"	"GO:0030183~B cell differentiation"	3	15.7894736842105	0.00199192813409364	"CD79A, CR2, CD79B"	18	66	16792	42.4040404040404	0.149139499091616	0.0395724911167398	2.10256131109287
"GOTERM_BP_DIRECT"	"GO:0002250~adaptive immune response"	3	15.7894736842105	0.00962160318130247	"BTLA, CD79A, CD79B"	18	148	16792	18.9099099099099	0.543023531022175	0.144975089962554	9.7906454173885
"GOTERM_BP_DIRECT"	"GO:0007165~signal transduction"	5	26.3157894736842	0.0261904850870359	"PTPRK, HLA-DOB, CD72, P2RX5, CD79B"	18	1161	16792	4.01760934060676	0.883481441007334	0.301125516723987	24.6360241822798
"GOTERM_BP_DIRECT"	"GO:0042113~B cell activation"	2	10.5263157894737	0.0289706847923456	"CXCR5, CD79A"	18	29	16792	64.3371647509579	0.907568574283838	0.288360656649744	26.8977246199723
"GOTERM_BP_DIRECT"	"GO:0007155~cell adhesion"	3	15.7894736842105	0.0773899168860831	"PTPRK, CD22, CD72"	18	459	16792	6.09731299927378	0.998532851988257	0.557605986767984	57.6174088717007
