"Category"	"Term"	"Count"	"X."	"PValue"	"Genes"	"List.Total"	"Pop.Hits"	"Pop.Total"	"Fold.Enrichment"	"Bonferroni"	"Benjamini"	"FDR"
"GOTERM_BP_DIRECT"	"GO:0045944~positive regulation of transcription from RNA polymerase II promoter"	4	40	0.0128004688400431	"CDKN2B, FOXO4, SIX5, SOX15"	10	981	16792	6.84689092762487	0.766784039306283	0.766784039306283	13.6082955723176
"GOTERM_BP_DIRECT"	"GO:0030154~cell differentiation"	3	30	0.0239230417056355	"ELAVL3, SOX15, PDLIM7"	10	462	16792	10.9038961038961	0.935181516764244	0.745405256857578	24.037557269658
"GOTERM_BP_DIRECT"	"GO:0008584~male gonad development"	2	20	0.0492791090609423	"SOX15, BOK"	10	94	16792	35.7276595744681	0.996688740682342	0.850950314339566	43.6611853012401
"GOTERM_BP_DIRECT"	"GO:0007050~cell cycle arrest"	2	20	0.073099385321835	"CDKN2B, FOXO4"	10	141	16792	23.8184397163121	0.99981174425934	0.882864898797565	57.7637955091961
