"Category"	"Term"	"Count"	"X."	"PValue"	"Genes"	"List.Total"	"Pop.Hits"	"Pop.Total"	"Fold.Enrichment"	"Bonferroni"	"Benjamini"	"FDR"
"GOTERM_BP_DIRECT"	"GO:0045944~positive regulation of transcription from RNA polymerase II promoter"	4	36.3636363636364	0.0175022081824304	"SP3, RNF111, ARID4B, PPP1R12A"	11	981	16792	6.22444629784079	0.831930124132853	0.831930124132853	17.82757112956
"GOTERM_BP_DIRECT"	"GO:0051028~mRNA transport"	2	18.1818181818182	0.0276469179861197	"G3BP2, FMR1"	11	47	16792	64.9593810444874	0.941085322482615	0.757276541064971	26.7848235869832
"GOTERM_BP_DIRECT"	"GO:0016925~protein sumoylation"	2	18.1818181818182	0.0675490388398794	"SP3, STAG2"	11	117	16792	26.0947940947941	0.999144488018045	0.905068859430489	54.055147768129
