"Category"	"Term"	"Count"	"X."	"PValue"	"Genes"	"List.Total"	"Pop.Hits"	"Pop.Total"	"Fold.Enrichment"	"Bonferroni"	"Benjamini"	"FDR"
"GOTERM_BP_DIRECT"	"GO:0006355~regulation of transcription, DNA-templated"	6	30	0.0229645362707838	"BZW1, RNF6, ARID4B, ZBTB11, ADNP, PHTF2"	20	1504	16792	3.34946808510638	0.991050546296209	0.991050546296209	25.3159032067446
"GOTERM_BP_DIRECT"	"GO:0032091~negative regulation of protein binding"	2	10	0.0625945877956255	"ROCK1, ADNP"	20	57	16792	29.459649122807	0.9999979988774	0.998585389594287	55.6103184216723
"GOTERM_BP_DIRECT"	"GO:0006468~protein phosphorylation"	3	15	0.0928911256771086	"ROCK1, NEK7, MORC3"	20	456	16792	5.52368421052632	0.999999997459838	0.998635562031938	70.6227610526581
"GOTERM_BP_DIRECT"	"GO:0048013~ephrin receptor signaling pathway"	2	10	0.0929981043784107	"ROCK1, PTPN11"	20	86	16792	19.5255813953488	0.999999997519932	0.992943068813306	70.6662619858087
