"Category"	"Term"	"Count"	"X."	"PValue"	"Genes"	"List.Total"	"Pop.Hits"	"Pop.Total"	"Fold.Enrichment"	"Bonferroni"	"Benjamini"	"FDR"
"GOTERM_BP_DIRECT"	"GO:0051028~mRNA transport"	2	13.3333333333333	0.0384949740451458	"G3BP2, FMR1"	15	47	16792	47.6368794326241	0.996757144686486	0.996757144686486	37.2858450511082
"GOTERM_BP_DIRECT"	"GO:0045944~positive regulation of transcription from RNA polymerase II promoter"	4	26.6666666666667	0.0446179958241362	"SP3, ARID4B, PPP1R12A, CCNC"	15	981	16792	4.56459395174991	0.998724001232466	0.964278875052236	41.8715976398181
"GOTERM_BP_DIRECT"	"GO:0006661~phosphatidylinositol biosynthetic process"	2	13.3333333333333	0.047303465865721	"SACM1L, IMPA1"	15	58	16792	38.6022988505747	0.999154001777634	0.905422067315973	43.7842080421862
