"Category"	"Term"	"Count"	"X."	"PValue"	"Genes"	"List.Total"	"Pop.Hits"	"Pop.Total"	"Fold.Enrichment"	"Bonferroni"	"Benjamini"	"FDR"
"GOTERM_BP_DIRECT"	"GO:0006954~inflammatory response"	4	36.3636363636364	0.00086597238534133	"CEBPB, CCR1, FOS, BCL6"	10	379	16792	17.7224274406332	0.128682862810859	0.128682862810859	1.03954285212597
"GOTERM_BP_DIRECT"	"GO:0045672~positive regulation of osteoclast differentiation"	2	18.1818181818182	0.0101398570683563	"CCR1, FOS"	10	19	16792	176.757894736842	0.802193674344346	0.555245769378577	11.5675080816028
"GOTERM_BP_DIRECT"	"GO:0042493~response to drug"	3	27.2727272727273	0.0108125704012493	"TIMP2, FOS, DUSP6"	10	304	16792	16.5710526315789	0.822460244136148	0.437962612864671	12.2897017482134
"GOTERM_BP_DIRECT"	"GO:0034097~response to cytokine"	2	18.1818181818182	0.0275341491972152	"TIMP2, FOS"	10	52	16792	64.5846153846154	0.988196163992172	0.670385892088251	28.5929377440417
"GOTERM_BP_DIRECT"	"GO:0045666~positive regulation of neuron differentiation"	2	18.1818181818182	0.0410468198017862	"TIMP2, BCL6"	10	78	16792	43.0564102564103	0.99872418649018	0.736271272476494	39.6827897071092
"GOTERM_BP_DIRECT"	"GO:0007568~aging"	2	18.1818181818182	0.085057085693447	"TIMP2, FOS"	10	165	16792	20.3539393939394	0.999999272813674	0.905171048076122	65.7755523536209
"GOTERM_BP_DIRECT"	"GO:0045944~positive regulation of transcription from RNA polymerase II promoter"	3	27.2727272727273	0.0934024007990326	"CEBPB, MAML3, FOS"	10	981	16792	5.13516819571865	0.999999830599074	0.892179273396587	69.3566154331819
