"Category"	"Term"	"Count"	"X."	"PValue"	"Genes"	"List.Total"	"Pop.Hits"	"Pop.Total"	"Fold.Enrichment"	"Bonferroni"	"Benjamini"	"FDR"
"GOTERM_BP_DIRECT"	"GO:0010629~negative regulation of gene expression"	3	30	0.00229126016757837	"MEF2C, CTGF, CD3E"	10	137	16792	36.770802919708	0.397669810000925	0.397669810000925	2.87983204489888
"GOTERM_BP_DIRECT"	"GO:0010628~positive regulation of gene expression"	3	30	0.00812153423843937	"MEF2C, CTGF, CD3E"	10	262	16792	19.2274809160305	0.835062270928571	0.593874737215931	9.86666092216566
"GOTERM_BP_DIRECT"	"GO:0050853~B cell receptor signaling pathway"	2	20	0.0285795615281552	"MEF2C, BTK"	10	54	16792	62.1925925925926	0.998351840230018	0.881877371331033	30.8830184092054
"GOTERM_BP_DIRECT"	"GO:0097190~apoptotic signaling pathway"	2	20	0.0374253127263897	"BTK, CD3E"	10	71	16792	47.3014084507042	0.99978172170453	0.878450650646674	38.4856383775
"GOTERM_BP_DIRECT"	"GO:0007169~transmembrane receptor protein tyrosine kinase signaling pathway"	2	20	0.0503037153847516	"BTK, CD3E"	10	96	16792	34.9833333333333	0.999988876862344	0.897848332019724	48.1845748097366
"GOTERM_BP_DIRECT"	"GO:0016477~cell migration"	2	20	0.0885188199379026	"CTGF, JUP"	10	172	16792	19.5255813953488	0.999999998728715	0.967086517612089	69.2929049328572
"GOTERM_BP_DIRECT"	"GO:0042127~regulation of cell proliferation"	2	20	0.0949168800905466	"BTK, JUP"	10	185	16792	18.1535135135135	0.99999999973199	0.95708659513753	71.9283440653078
