"Category"	"Term"	"Count"	"X."	"PValue"	"Genes"	"List.Total"	"Pop.Hits"	"Pop.Total"	"Fold.Enrichment"	"Bonferroni"	"Benjamini"	"FDR"
"GOTERM_BP_DIRECT"	"GO:0006959~humoral immune response"	3	30	0.000401369812783351	"MEF2C, MS4A1, LY86"	10	57	16792	88.3789473684211	0.0508501120673204	0.0508501120673204	0.466417450648959
"GOTERM_BP_DIRECT"	"GO:0042100~B cell proliferation"	2	20	0.0170248922446414	"MEF2C, MS4A1"	10	32	16792	104.95	0.892717812029751	0.672460402439264	18.1244922127503
"GOTERM_BP_DIRECT"	"GO:0007165~signal transduction"	4	40	0.0201980968380517	"NR3C2, NRXN3, PKIG, FCGR2B"	10	1161	16792	5.78535745047373	0.929534549953494	0.586960033637658	21.1501395789894
