"Category"	"Term"	"Count"	"X."	"PValue"	"Genes"	"List.Total"	"Pop.Hits"	"Pop.Total"	"Fold.Enrichment"	"Bonferroni"	"Benjamini"	"FDR"
"GOTERM_BP_DIRECT"	"GO:0030522~intracellular receptor signaling pathway"	2	16.6666666666667	0.0201882183321502	"HNF4G, NR1I2"	10	38	16792	88.3789473684211	0.734372690189578	0.734372690189578	18.7681797225952
"GOTERM_BP_DIRECT"	"GO:0006520~cellular amino acid metabolic process"	2	16.6666666666667	0.021240647668211	"DDC, SLC3A1"	10	40	16792	83.96	0.752294803088921	0.502300093519118	19.653074992555
"GOTERM_BP_DIRECT"	"GO:0043401~steroid hormone mediated signaling pathway"	2	16.6666666666667	0.0301458070099493	"HNF4G, NR1I2"	10	57	16792	58.919298245614	0.863252592218063	0.484803345556173	26.7997695017712
"GOTERM_BP_DIRECT"	"GO:0006367~transcription initiation from RNA polymerase II promoter"	2	16.6666666666667	0.078597132407794	"HNF4G, NR1I2"	10	152	16792	22.0947368421053	0.99511098500231	0.735573277310377	56.5819012416424
