"Category"	"Term"	"Count"	"X."	"PValue"	"Genes"	"List.Total"	"Pop.Hits"	"Pop.Total"	"Fold.Enrichment"	"Bonferroni"	"Benjamini"	"FDR"
"GOTERM_BP_DIRECT"	"GO:0007268~chemical synaptic transmission"	3	21.4285714285714	0.014303033593018	"OPRM1, GRIN2B, OR10H3"	14	240	16792	14.9928571428571	0.928378097362342	0.928378097362342	16.3006683627409
"GOTERM_BP_DIRECT"	"GO:0000165~MAPK cascade"	3	21.4285714285714	0.0168887980330817	"ERBB4, GRIN2B, GFRA3"	14	262	16792	13.7339149400218	0.955712213758358	0.789553364860252	18.9726325559152
"GOTERM_BP_DIRECT"	"GO:0045429~positive regulation of nitric oxide biosynthetic process"	2	14.2857142857143	0.0327944960373	"OPRM1, NOS1AP"	14	43	16792	55.7873754152824	0.997761624506123	0.869188985404084	33.7577195484894
"GOTERM_BP_DIRECT"	"GO:0043547~positive regulation of GTPase activity"	3	21.4285714285714	0.0689916096675778	"ERBB4, GRIN2B, GFRA3"	14	565	16792	6.36864728192162	0.99999791786988	0.962013702370527	58.644715408956
"GOTERM_BP_DIRECT"	"GO:0045471~response to ethanol"	2	14.2857142857143	0.0783347257301692	"GRIN2B, ADH7"	14	105	16792	22.8462585034014	0.999999671223974	0.949489690662835	63.4887274827427
