"Category"	"Term"	"Count"	"X."	"PValue"	"Genes"	"List.Total"	"Pop.Hits"	"Pop.Total"	"Fold.Enrichment"	"Bonferroni"	"Benjamini"	"FDR"
"GOTERM_BP_DIRECT"	"GO:0034765~regulation of ion transmembrane transport"	3	13.0434782608696	0.00837775880196542	"TMEM37, KCNH1, KCNG2"	22	111	16792	20.6289926289926	0.874822583762927	0.874822583762927	10.3346669793312
"GOTERM_BP_DIRECT"	"GO:0071805~potassium ion transmembrane transport"	3	13.0434782608696	0.00988826995783849	"KCNH1, KCNN3, KCNG2"	22	121	16792	18.9241172051089	0.914098883078555	0.70691107676774	12.0896121928416
"GOTERM_BP_DIRECT"	"GO:0055085~transmembrane transport"	3	13.0434782608696	0.0368312483560753	"SLC16A14, SLC44A1, SLC5A4"	22	244	16792	9.38450074515648	0.999905704949311	0.95448411765844	38.5275497599381
"GOTERM_BP_DIRECT"	"GO:0051591~response to cAMP"	2	8.69565217391304	0.0560109518118807	"TEK, SDC1"	22	46	16792	33.1857707509881	0.999999344099317	0.97154166280812	52.6396940280719
"GOTERM_BP_DIRECT"	"GO:0051592~response to calcium ion"	2	8.69565217391304	0.0701234824918791	"SDC1, CAV1"	22	58	16792	26.3197492163009	0.999999984112913	0.972444464529825	61.0423012625686
"GOTERM_BP_DIRECT"	"GO:0043627~response to estrogen"	2	8.69565217391304	0.0782627579100542	"TEK, CAV1"	22	65	16792	23.4853146853147	0.999999998188817	0.96508647237773	65.2394893432262
"GOTERM_BP_DIRECT"	"GO:0006813~potassium ion transport"	2	8.69565217391304	0.0977480353755062	"KCNH1, KCNG2"	22	82	16792	18.6164079822616	0.999999999990754	0.973471615807824	73.650756753054
