"Category"	"Term"	"Count"	"X."	"PValue"	"Genes"	"List.Total"	"Pop.Hits"	"Pop.Total"	"Fold.Enrichment"	"Bonferroni"	"Benjamini"	"FDR"
"GOTERM_BP_DIRECT"	"GO:0043123~positive regulation of I-kappaB kinase/NF-kappaB signaling"	2	28.5714285714286	0.0470344836214105	"NDFIP2, F2R"	6	161	16792	34.7660455486542	0.951931264206954	0.951931264206954	38.6032940206569
"GOTERM_BP_DIRECT"	"GO:0007166~cell surface receptor signaling pathway"	2	28.5714285714286	0.0789761211055914	"LAG3, GPR19"	6	274	16792	20.4282238442822	0.994388666590289	0.925091166010202	56.5266371315857
