"Category"	"Term"	"Count"	"X."	"PValue"	"Genes"	"List.Total"	"Pop.Hits"	"Pop.Total"	"Fold.Enrichment"	"Bonferroni"	"Benjamini"	"FDR"
"GOTERM_BP_DIRECT"	"GO:0031295~T cell costimulation"	2	16.6666666666667	0.0410468198017862	"CD28, CD3G"	10	78	16792	43.0564102564103	0.948994657706381	0.948994657706381	35.274996495657
"GOTERM_BP_DIRECT"	"GO:0050852~T cell receptor signaling pathway"	2	16.6666666666667	0.0766013146405923	"CD28, CD3G"	10	148	16792	22.6918918918919	0.996511514792733	0.940936600104067	56.2710533283098
