"Category"	"Term"	"Count"	"X."	"PValue"	"Genes"	"List.Total"	"Pop.Hits"	"Pop.Total"	"Fold.Enrichment"	"Bonferroni"	"Benjamini"	"FDR"
"GOTERM_BP_DIRECT"	"GO:0007155~cell adhesion"	9	24.3243243243243	3.60581816188815e-06	"NCAM2, NLGN1, FREM2, EPHA3, NLGN4Y, PCDHA3, SSPN, CHL1, ADAM2"	36	459	16792	9.14596949891068	0.000854215395213354	0.000854215395213354	0.00464483138004068
"GOTERM_BP_DIRECT"	"GO:0007158~neuron cell-cell adhesion"	4	10.8108108108108	4.55979212708916e-06	"NCAM2, NLGN1, NLGN4Y, ASTN1"	36	16	16792	116.611111111111	0.00108008948095506	0.000540190643443128	0.00587365878570445
"GOTERM_BP_DIRECT"	"GO:0007157~heterophilic cell-cell adhesion via plasma membrane cell adhesion molecules"	3	8.10810810810811	0.00485566624766493	"CXADR, NLGN1, CADM2"	36	50	16792	27.9866666666667	0.684499783615931	0.319230818207825	6.07765984184538
"GOTERM_BP_DIRECT"	"GO:0007166~cell surface receptor signaling pathway"	4	10.8108108108108	0.0191419357662804	"OR11A1, GLP2R, TNFRSF13B, NPY1R"	36	274	16792	6.80940794809408	0.989751469759151	0.681825480634773	22.0398617016904
"GOTERM_BP_DIRECT"	"GO:0031103~axon regeneration"	2	5.40540540540541	0.0287994967887952	"JAM3, CHL1"	36	14	16792	66.6349206349206	0.999017779476198	0.749710978223038	31.3696532946785
"GOTERM_BP_DIRECT"	"GO:0050804~modulation of synaptic transmission"	2	5.40540540540541	0.0348651497443896	"NLGN1, NLGN4Y"	36	17	16792	54.875816993464	0.999777486937768	0.753835218853897	36.6908936916278
"GOTERM_BP_DIRECT"	"GO:0002250~adaptive immune response"	3	8.10810810810811	0.0379770634942046	"JAM3, TNFRSF17, TNFRSF13B"	36	148	16792	9.45495495495495	0.999896498629183	0.730408257379732	39.2706565589807
"GOTERM_BP_DIRECT"	"GO:0050808~synapse organization"	2	5.40540540540541	0.0665989277659969	"NLGN1, NLGN4Y"	36	33	16792	28.2693602693603	0.999999919427652	0.870200430393356	58.844606273222
"GOTERM_BP_DIRECT"	"GO:0007154~cell communication"	2	5.40540540540541	0.0763061701792049	"FREM2, GJC1"	36	38	16792	24.5497076023392	0.999999993236896	0.87633737676477	64.0300128824428
